entry_date,symbol,direction,xgb_prob,ev_gate,grade,score,stop_source,actual_stop,rr_actual
2026-03-02T09:30:00+00:00,SPY,LONG,0.5,-0.5953,B,5.0,ICT_STRUCTURE,681.6735714285714,0.6399049470727459
2026-03-02T09:30:00+00:00,QQQ,LONG,0.5,-1.1324,B,5.0,ICT_STRUCTURE,602.7728571428572,0.38410256410254684
2026-03-02T09:30:00+00:00,NVDA,LONG,0.5,4.5014,A,7.0,ICT_STRUCTURE,174.68053571428572,4.159448517891834
2026-03-02T09:30:00+00:00,TSLA,LONG,0.5,-0.5194,A,7.0,ICT_STRUCTURE,397.0910714285714,0.8054237741654937
2026-03-02T09:30:00+00:00,GLD,SHORT,0.5,2.558,A,7.0,ICT_STRUCTURE,480.54660714285717,2.5725144080355746
2026-03-02T09:30:00+00:00,SLV,SHORT,0.5,1.8524,B,5.0,ICT_STRUCTURE,83.45,3.469866666666674
2026-03-02T09:30:00+00:00,AAPL,LONG,0.5,0.4889,A,7.0,ICT_STRUCTURE,260.70142857142855,1.2902798982188393
2026-03-02T09:30:00+00:00,MSFT,LONG,0.5,-1.4436,B,5.0,ICT_STRUCTURE,388.3675,0.3486520022560564
2026-03-02T09:30:00+00:00,AMZN,SHORT,0.5,-0.1918,B,5.0,ICT_STRUCTURE,207.14785714285713,0.8661933233681961
2026-03-02T09:30:00+00:00,GOOGL,SHORT,0.5,-1.233,B,5.0,ICT_STRUCTURE,307.6926785714286,0.3623696726231762
2026-03-02T14:00:00+00:00,SPY,LONG,0.5,0.1171,A,7.0,ICT_STRUCTURE,679.4492857142858,1.065982699658015
2026-03-02T14:00:00+00:00,QQQ,LONG,0.5,-0.3527,A,7.0,ICT_STRUCTURE,600.0451785714286,0.8285900273401858
2026-03-02T14:00:00+00:00,NVDA,LONG,0.5,3.0801,A,7.0,ICT_STRUCTURE,176.69017857142856,3.029832303618729
2026-03-02T14:00:00+00:00,TSLA,LONG,0.5,2.5287,A,7.0,ICT_STRUCTURE,391.02,2.015522088353416
2026-03-02T14:00:00+00:00,GLD,SHORT,0.5,5.0731,A,7.0,ICT_STRUCTURE,486.7339285714286,4.101775302980682
2026-03-02T14:00:00+00:00,SLV,SHORT,0.5,-0.2929,A,6.5,MAX_RISK_CAP,79.54642857142856,0.7031415128483508
2026-03-02T14:00:00+00:00,AAPL,LONG,0.5,0.9301,A,7.0,ICT_STRUCTURE,259.7635714285715,1.5477139852786503
2026-03-02T14:00:00+00:00,MSFT,SHORT,0.5,-0.1476,C,3.5,ICT_STRUCTURE,393.9355357142857,0.9286950519822198
2026-03-02T14:00:00+00:00,AMZN,LONG,0.5,-1.2744,A,7.0,ICT_STRUCTURE,203.93303571428572,0.17697976128696669
2026-03-02T14:00:00+00:00,GOOGL,LONG,0.5,0.9744,A,7.0,ICT_STRUCTURE,301.08910714285713,1.5472804774083542
2026-03-03T09:30:00+00:00,SPY,LONG,0.5,-1.606,C,3.5,ICT_STRUCTURE,681.9262500000001,0.20175209692447052
2026-03-03T09:30:00+00:00,QQQ,LONG,0.5,-1.8456,C,3.5,ICT_STRUCTURE,602.9625,0.14701328711727998
2026-03-03T09:30:00+00:00,NVDA,LONG,0.5,1.4664,C,3.5,ICT_STRUCTURE,179.73624999999998,2.1351136913401123
2026-03-03T09:30:00+00:00,TSLA,LONG,0.5,-1.9851,C,4.5,ICT_STRUCTURE,397.7782142857143,0.27836416747810067
2026-03-03T09:30:00+00:00,GLD,SHORT,0.5,3.6302,B,5.0,ICT_STRUCTURE,486.76089285714284,2.995102801903934
2026-03-03T09:30:00+00:00,SLV,SHORT,0.5,-0.6472,C,3.5,MAX_RISK_CAP,79.46303571428572,0.3767517840254557
2026-03-03T09:30:00+00:00,AAPL,LONG,0.5,0.2991,B,5.0,ICT_STRUCTURE,261.1483928571429,1.168220113470908
2026-03-03T09:30:00+00:00,MSFT,SHORT,0.5,-0.217,B,6.0,ICT_STRUCTURE,393.97464285714284,0.8989706493722484
2026-03-03T09:30:00+00:00,AMZN,SHORT,0.5,-1.4129,B,5.0,ICT_STRUCTURE,205.2198214285714,0.07048928046989063
2026-03-03T09:30:00+00:00,GOOGL,LONG,0.5,-0.0163,B,5.0,ICT_STRUCTURE,302.6714285714286,0.9904708333333285
2026-03-03T14:00:00+00:00,SPY,LONG,0.5,4.7952,A,7.0,ICT_STRUCTURE,667.9733928571428,3.1665335431037955
2026-03-03T14:00:00+00:00,QQQ,LONG,0.5,4.0182,A,7.0,ICT_STRUCTURE,590.6837499999999,2.7873672504865015
2026-03-03T14:00:00+00:00,NVDA,LONG,0.5,2.9839,B,5.0,ICT_STRUCTURE,176.12232142857144,3.271138294257555
2026-03-03T14:00:00+00:00,TSLA,LONG,0.5,3.9311,B,5.0,ICT_STRUCTURE,384.74821428571425,2.3344195914408634
2026-03-03T14:00:00+00:00,GLD,LONG,0.5,5.7081,A,7.0,ICT_STRUCTURE,457.90982142857143,3.329735796800402
2026-03-03T14:00:00+00:00,SLV,LONG,0.5,3.1215,A,7.0,MAX_RISK_CAP,70.56,5.9682638888889015
2026-03-03T14:00:00+00:00,AAPL,LONG,0.5,1.6608,B,5.0,ICT_STRUCTURE,258.97285714285715,2.019776315789469
2026-03-03T14:00:00+00:00,MSFT,LONG,0.5,-2.3097,B,5.0,ICT_STRUCTURE,389.7069642857143,0.01147005999465388
2026-03-03T14:00:00+00:00,AMZN,LONG,0.5,0.6243,A,7.0,ICT_STRUCTURE,200.70678571428573,1.4116707877075167
2026-03-03T14:00:00+00:00,GOOGL,LONG,0.5,3.1131,A,7.0,ICT_STRUCTURE,295.39375,2.6487917907977527
2026-03-04T09:30:00+00:00,SPY,LONG,0.5,0.2501,C,3.5,ICT_STRUCTURE,675.2355357142857,1.098949302243431
2026-03-04T09:30:00+00:00,QQQ,LONG,0.5,0.8616,B,5.0,ICT_STRUCTURE,596.0064285714286,1.3640440621699255
2026-03-04T09:30:00+00:00,NVDA,LONG,0.5,1.7264,C,3.5,ICT_STRUCTURE,177.53410714285715,2.3833955784503105
2026-03-04T09:30:00+00:00,TSLA,LONG,0.5,2.3341,B,5.0,ICT_STRUCTURE,386.51464285714286,1.7639721783856417
2026-03-04T09:30:00+00:00,GLD,LONG,0.5,1.3354,B,5.0,ICT_STRUCTURE,462.98857142857145,1.4391848719755684
2026-03-04T09:30:00+00:00,SLV,LONG,0.5,1.4536,B,5.0,MAX_RISK_CAP,73.2256,3.60800321199144
2026-03-04T09:30:00+00:00,AAPL,LONG,0.5,0.7418,B,5.0,ICT_STRUCTURE,260.46125,1.451128848346638
2026-03-04T09:30:00+00:00,MSFT,SHORT,0.5,1.2315,A,8.0,ICT_STRUCTURE,399.2407142857143,1.5414068142565625
2026-03-04T09:30:00+00:00,AMZN,SHORT,0.5,-1.0871,B,5.0,ICT_STRUCTURE,205.57214285714286,0.28896052324223365
2026-03-04T09:30:00+00:00,GOOGL,LONG,0.5,0.1828,B,5.0,ICT_STRUCTURE,299.9369642857143,1.0992562424242482
2026-03-04T14:00:00+00:00,SPY,LONG,0.5,-0.2209,C,3.5,ICT_STRUCTURE,675.9335714285714,0.9129646827071858
2026-03-04T14:00:00+00:00,QQQ,LONG,0.5,-1.707,A,6.5,ICT_STRUCTURE,600.97375,0.2837031209021863
2026-03-04T14:00:00+00:00,NVDA,LONG,0.5,1.125,B,5.5,ICT_STRUCTURE,178.65089285714285,1.9578502470543468
2026-03-04T14:00:00+00:00,TSLA,LONG,0.5,-0.2042,C,4.5,ICT_STRUCTURE,392.08125,0.930756516211058
2026-03-04T14:00:00+00:00,GLD,LONG,0.5,-0.4545,B,6.0,ICT_STRUCTURE,466.9107142857143,0.8474673378880494
2026-03-04T14:00:00+00:00,SLV,LONG,0.5,1.0297,B,5.0,MAX_RISK_CAP,73.41553571428572,1.9094140840627682
2026-03-04T14:00:00+00:00,AAPL,LONG,0.5,1.2644,B,5.0,ICT_STRUCTURE,258.9196428571429,1.7224528109376462
2026-03-04T14:00:00+00:00,MSFT,SHORT,0.5,1.6907,B,5.0,ICT_STRUCTURE,400.97875,1.7049986968986157
2026-03-04T14:00:00+00:00,AMZN,SHORT,0.5,1.9919,A,7.0,ICT_STRUCTURE,211.91053571428571,2.3484122091266224
2026-03-04T14:00:00+00:00,GOOGL,LONG,0.5,0.3209,B,5.0,ICT_STRUCTURE,299.1225,1.1654932301740843
2026-03-05T09:30:00+00:00,SPY,SHORT,0.5,-1.937,B,6.0,ICT_STRUCTURE,681.3835714285714,0.07240636223699856
2026-03-05T09:30:00+00:00,QQQ,SHORT,0.5,0.0663,B,6.0,ICT_STRUCTURE,607.2408928571429,1.035556194033437
2026-03-05T09:30:00+00:00,NVDA,LONG,0.5,-0.4675,C,3.5,ICT_STRUCTURE,180.40625,0.6010453333333506
2026-03-05T09:30:00+00:00,TSLA,SHORT,0.5,-2.4726,B,5.0,ICT_STRUCTURE,398.8601785714286,0.19061113546690192
2026-03-05T09:30:00+00:00,GLD,LONG,0.5,0.5909,B,5.0,ICT_STRUCTURE,468.44,1.2939552238806018
2026-03-05T09:30:00+00:00,SLV,LONG,0.5,1.2008,B,5.0,MAX_RISK_CAP,73.99980000000001,2.6512382465898514
2026-03-05T09:30:00+00:00,AAPL,LONG,0.5,1.0407,B,5.0,ICT_STRUCTURE,259.05321428571426,1.603842088902705
2026-03-05T09:30:00+00:00,MSFT,SHORT,0.5,0.6055,B,6.0,ICT_STRUCTURE,401.3025,1.2858053097345106
2026-03-05T09:30:00+00:00,AMZN,SHORT,0.5,2.2949,B,5.0,ICT_STRUCTURE,213.92339285714286,2.5927892421143905
2026-03-05T09:30:00+00:00,GOOGL,LONG,0.5,-0.0588,C,3.5,ICT_STRUCTURE,299.4169642857143,0.9680872727272689
2026-03-05T14:00:00+00:00,SPY,SHORT,0.5,-1.7902,B,6.0,ICT_STRUCTURE,681.3548214285714,0.028438241992525492
2026-03-05T14:00:00+00:00,QQQ,SHORT,0.5,0.8123,B,5.0,ICT_STRUCTURE,608.4996428571429,1.437840023101374
2026-03-05T14:00:00+00:00,NVDA,LONG,0.5,-0.3956,C,3.5,ICT_STRUCTURE,180.2748214285714,0.6403571138706222
2026-03-05T14:00:00+00:00,TSLA,SHORT,0.5,-1.5061,B,5.0,ICT_STRUCTURE,400.6094642857143,0.4954999252280624
2026-03-05T14:00:00+00:00,GLD,LONG,0.5,2.4476,C,3.5,ICT_STRUCTURE,464.62089285714285,2.252253437485739
2026-03-05T14:00:00+00:00,SLV,LONG,0.5,1.3899,B,5.0,MAX_RISK_CAP,73.34320000000001,2.9287145911277555
2026-03-05T14:00:00+00:00,AAPL,LONG,0.5,2.2571,A,7.0,ICT_STRUCTURE,256.6278571428572,2.367038719446273
2026-03-05T14:00:00+00:00,MSFT,SHORT,0.5,3.0235,A,7.0,ICT_STRUCTURE,406.52321428571423,2.3816107711138197
2026-03-05T14:00:00+00:00,AMZN,SHORT,0.5,3.2241,A,7.0,ICT_STRUCTURE,216.0580357142857,3.013837488149009
2026-03-05T14:00:00+00:00,GOOGL,LONG,0.5,0.7824,B,5.0,ICT_STRUCTURE,297.7635714285714,1.4375234671460007
2026-03-06T09:30:00+00:00,SPY,LONG,0.5,-0.6583,B,6.0,ICT_STRUCTURE,676.4742857142858,0.6696666666666573
2026-03-06T09:30:00+00:00,QQQ,SHORT,0.5,-1.2989,B,5.0,ICT_STRUCTURE,603.3233928571428,0.443341369150114
2026-03-06T09:30:00+00:00,NVDA,SHORT,0.5,-0.6089,B,5.0,ICT_STRUCTURE,180.4817857142857,0.551980028905527
2026-03-06T09:30:00+00:00,TSLA,SHORT,0.5,-1.5038,B,5.0,ICT_STRUCTURE,399.09482142857144,0.4394261940422577
2026-03-06T09:30:00+00:00,GLD,LONG,0.5,2.6069,B,6.0,ICT_STRUCTURE,462.41214285714284,2.26003452442603
2026-03-06T09:30:00+00:00,SLV,LONG,0.5,1.1059,B,6.0,ICT_STRUCTURE,73.07196428571427,2.527492909113333
2026-03-06T09:30:00+00:00,AAPL,LONG,0.5,1.8405,B,6.0,ICT_STRUCTURE,256.465,2.2847818499127404
2026-03-06T09:30:00+00:00,MSFT,SHORT,0.5,2.0539,B,5.0,ICT_STRUCTURE,405.7191071428572,1.8313694025805094
2026-03-06T09:30:00+00:00,AMZN,SHORT,0.5,2.3632,B,5.0,ICT_STRUCTURE,215.3975,2.3610943124550086
2026-03-06T09:30:00+00:00,GOOGL,LONG,0.5,0.4251,A,7.0,ICT_STRUCTURE,297.58482142857144,1.2556618871166931
2026-03-06T14:00:00+00:00,SPY,LONG,0.5,3.4262,A,7.0,ICT_STRUCTURE,666.3992857142856,2.4702436781609216
2026-03-06T14:00:00+00:00,QQQ,LONG,0.5,-0.0575,A,7.0,ICT_STRUCTURE,595.4244642857143,0.977773177379849
2026-03-06T14:00:00+00:00,NVDA,SHORT,0.5,-1.231,B,6.0,ICT_STRUCTURE,178.95982142857144,0.15255516626714033
2026-03-06T14:00:00+00:00,TSLA,LONG,0.5,-0.1555,A,7.0,ICT_STRUCTURE,390.7644642857143,0.9432136451097434
2026-03-06T14:00:00+00:00,GLD,LONG,0.5,0.0198,A,6.5,ICT_STRUCTURE,467.19142857142856,1.0094161575016987
2026-03-06T14:00:00+00:00,SLV,LONG,0.5,0.3069,A,6.5,MAX_RISK_CAP,74.32089285714285,1.395013213834304
2026-03-06T14:00:00+00:00,AAPL,LONG,0.5,3.2778,A,7.0,ICT_STRUCTURE,252.90178571428572,3.161266925703524
2026-03-06T14:00:00+00:00,MSFT,SHORT,0.5,1.765,A,7.0,ICT_STRUCTURE,405.3148214285714,1.6691757218780592
2026-03-06T14:00:00+00:00,AMZN,SHORT,0.5,0.3879,A,8.0,ICT_STRUCTURE,211.60767857142858,1.2627690074396603
2026-03-06T14:00:00+00:00,GOOGL,LONG,0.5,1.5189,A,7.0,ICT_STRUCTURE,295.09375,1.9051322160149058
2026-03-09T09:30:00+00:00,SPY,LONG,0.5,1.6525,B,5.0,ICT_STRUCTURE,667.005,1.6313276026742964
2026-03-09T09:30:00+00:00,QQQ,LONG,0.5,-0.1702,B,5.0,ICT_STRUCTURE,594.4301785714285,0.937877277022846
2026-03-09T09:30:00+00:00,NVDA,LONG,0.5,0.1373,A,7.0,ICT_STRUCTURE,174.7876785714286,1.0949336296845
2026-03-09T09:30:00+00:00,TSLA,LONG,0.5,-0.7016,B,5.0,ICT_STRUCTURE,391.1003571428571,0.7316943249334164
2026-03-09T09:30:00+00:00,GLD,LONG,0.5,-1.5436,C,3.5,ICT_STRUCTURE,471.4408928571429,0.06708758296907306
2026-03-09T09:30:00+00:00,SLV,LONG,0.5,-0.0886,C,3.5,ICT_STRUCTURE,74.98785714285714,0.8660183684494825
2026-03-09T09:30:00+00:00,AAPL,LONG,0.5,1.5432,B,5.0,ICT_STRUCTURE,254.43446428571428,2.033805849632153
2026-03-09T09:30:00+00:00,MSFT,SHORT,0.5,0.4554,B,6.0,ICT_STRUCTURE,404.2094642857143,1.206520102028421
2026-03-09T09:30:00+00:00,AMZN,SHORT,0.5,-0.6397,A,6.5,ICT_STRUCTURE,210.14375,0.5642911877394649
2026-03-09T09:30:00+00:00,GOOGL,LONG,0.5,1.1455,B,5.0,ICT_STRUCTURE,295.08678571428567,1.7628445712926535
2026-03-09T14:00:00+00:00,SPY,LONG,0.5,3.3049,A,7.0,ICT_STRUCTURE,662.1183928571429,2.2102285434036197
2026-03-09T14:00:00+00:00,QQQ,LONG,0.5,0.9129,A,7.0,ICT_STRUCTURE,591.5591071428571,1.3321948208077423
2026-03-09T14:00:00+00:00,NVDA,LONG,0.5,-0.328,A,7.0,ICT_STRUCTURE,176.14999999999998,0.7456976744186055
2026-03-09T14:00:00+00:00,TSLA,LONG,0.5,4.0907,A,7.0,ICT_STRUCTURE,380.3294642857143,2.5319370047146283
2026-03-09T14:00:00+00:00,GLD,LONG,0.5,1.3536,B,5.0,ICT_STRUCTURE,464.5732142857143,1.7854315614962089
2026-03-09T14:00:00+00:00,SLV,LONG,0.5,-0.3677,C,3.5,ICT_STRUCTURE,75.00821428571429,0.4478197908286315
2026-03-09T14:00:00+00:00,AAPL,LONG,0.5,1.2718,B,5.0,ICT_STRUCTURE,254.28732142857143,1.838704586939871
2026-03-09T14:00:00+00:00,MSFT,SHORT,0.5,-0.3377,C,3.5,ICT_STRUCTURE,403.2705357142857,0.8414203664109369
2026-03-09T14:00:00+00:00,AMZN,LONG,0.5,-0.8439,A,7.0,ICT_STRUCTURE,206.8217857142857,0.4672663735768239
2026-03-09T14:00:00+00:00,GOOGL,LONG,0.5,0.2904,C,4.5,ICT_STRUCTURE,296.21160714285713,1.1946465553360817
2026-03-10T09:30:00+00:00,SPY,LONG,0.5,-2.2586,A,6.5,ICT_STRUCTURE,672.4007142857142,0.1378050443081074
2026-03-10T09:30:00+00:00,QQQ,SHORT,0.5,-1.1365,A,7.0,ICT_STRUCTURE,601.7639285714286,0.5849266288397467
2026-03-10T09:30:00+00:00,NVDA,SHORT,0.5,-0.6226,B,5.0,ICT_STRUCTURE,179.74035714285714,0.47671019060484354
2026-03-10T09:30:00+00:00,TSLA,LONG,0.5,-2.5008,A,6.5,ICT_STRUCTURE,392.59017857142857,0.09223529411764486
2026-03-10T09:30:00+00:00,GLD,SHORT,0.5,-1.4484,B,5.0,ICT_STRUCTURE,469.17321428571427,0.023560852293252874
2026-03-10T09:30:00+00:00,SLV,SHORT,0.5,0.742,A,7.0,ICT_STRUCTURE,77.60107142857142,2.3029539040451543
2026-03-10T09:30:00+00:00,AAPL,LONG,0.5,-0.6996,A,6.5,ICT_STRUCTURE,257.3717857142857,0.47362622598415327
2026-03-10T09:30:00+00:00,MSFT,SHORT,0.5,0.1176,B,5.0,ICT_STRUCTURE,405.5076785714286,1.0606025481808545
2026-03-10T09:30:00+00:00,AMZN,SHORT,0.5,-0.9298,B,5.0,ICT_STRUCTURE,209.9507142857143,0.4753284965739682
2026-03-10T09:30:00+00:00,GOOGL,SHORT,0.5,0.5995,A,7.0,ICT_STRUCTURE,303.4032142857143,1.4124880206413497
2026-03-10T14:00:00+00:00,SPY,SHORT,0.5,-1.1299,A,7.0,ICT_STRUCTURE,675.5991071428572,0.5899225559767916
2026-03-10T14:00:00+00:00,QQQ,SHORT,0.5,0.963,A,7.0,ICT_STRUCTURE,605.9778571428571,1.3395466565923724
2026-03-10T14:00:00+00:00,NVDA,SHORT,0.5,0.9241,A,7.0,ICT_STRUCTURE,182.91857142857143,1.727217537942661
2026-03-10T14:00:00+00:00,TSLA,SHORT,0.5,0.1031,A,7.0,ICT_STRUCTURE,398.9164285714286,1.0352744163305267
2026-03-10T14:00:00+00:00,GLD,SHORT,0.5,1.9615,A,7.0,ICT_STRUCTURE,475.33892857142854,2.281586746003953
2026-03-10T14:00:00+00:00,SLV,SHORT,0.5,1.6923,A,7.0,ICT_STRUCTURE,79.5475,3.7686707566462205
2026-03-10T14:00:00+00:00,AAPL,SHORT,0.5,-1.3239,A,7.0,ICT_STRUCTURE,258.31375,0.11183228511531793
2026-03-10T14:00:00+00:00,MSFT,SHORT,0.5,-1.8262,C,3.5,ICT_STRUCTURE,401.83517857142857,0.13446066607421636
2026-03-10T14:00:00+00:00,AMZN,SHORT,0.5,-0.041,B,5.0,ICT_STRUCTURE,211.96946428571428,0.9762252238265227
2026-03-10T14:00:00+00:00,GOOGL,SHORT,0.5,1.7023,A,7.0,ICT_STRUCTURE,305.625,2.045960061443939
2026-03-11T09:30:00+00:00,SPY,SHORT,0.5,-2.3256,B,5.0,ICT_STRUCTURE,673.19625,0.05536430566131424
2026-03-11T09:30:00+00:00,QQQ,SHORT,0.5,-0.7996,B,5.0,ICT_STRUCTURE,603.6676785714286,0.6737828288347499
2026-03-11T09:30:00+00:00,NVDA,SHORT,0.5,0.6982,B,5.0,ICT_STRUCTURE,182.97875,1.6431548647092664
2026-03-11T09:30:00+00:00,TSLA,SHORT,0.5,-2.6407,B,5.0,ICT_STRUCTURE,393.59232142857144,0.0564877021724634
2026-03-11T09:30:00+00:00,GLD,SHORT,0.5,1.225,B,5.0,ICT_STRUCTURE,474.2567857142857,1.7844757004002174
2026-03-11T09:30:00+00:00,SLV,SHORT,0.5,1.1989,B,6.0,ICT_STRUCTURE,78.82464285714286,2.894913914761517
2026-03-11T09:30:00+00:00,AAPL,SHORT,0.5,-1.3159,A,7.0,ICT_STRUCTURE,258.0425,0.027959372114511796
2026-03-11T09:30:00+00:00,MSFT,LONG,0.5,-1.9689,B,5.0,ICT_STRUCTURE,402.14374999999995,0.04799032940465992
2026-03-11T09:30:00+00:00,AMZN,SHORT,0.5,-0.806,B,5.0,ICT_STRUCTURE,211.0471428571429,0.5044180939833073
2026-03-11T09:30:00+00:00,GOOGL,SHORT,0.5,1.0872,B,5.0,ICT_STRUCTURE,304.5598214285714,1.6815986565910968
2026-03-11T14:00:00+00:00,SPY,SHORT,0.5,-2.3504,B,5.0,ICT_STRUCTURE,673.047142857143,0.0641268486916905
2026-03-11T14:00:00+00:00,QQQ,SHORT,0.5,-0.6306,B,5.0,ICT_STRUCTURE,604.4496428571429,0.752245842980404
2026-03-11T14:00:00+00:00,NVDA,SHORT,0.5,1.1246,A,7.0,ICT_STRUCTURE,184.25089285714284,2.0298454746136847
2026-03-11T14:00:00+00:00,TSLA,SHORT,0.5,1.9645,A,7.0,ICT_STRUCTURE,403.85857142857145,1.5933872707659211
2026-03-11T14:00:00+00:00,GLD,SHORT,0.5,0.4381,B,6.0,ICT_STRUCTURE,472.94714285714286,1.2644976282880365
2026-03-11T14:00:00+00:00,SLV,SHORT,0.5,-0.287,C,3.5,ICT_STRUCTURE,76.01232142857143,0.5979637273295846
2026-03-11T14:00:00+00:00,AAPL,SHORT,0.5,-1.2867,A,7.0,ICT_STRUCTURE,257.8983928571429,0.07819868227467561
2026-03-11T14:00:00+00:00,MSFT,LONG,0.5,-0.6529,B,5.0,ICT_STRUCTURE,400.34785714285715,0.671688218390807
2026-03-11T14:00:00+00:00,AMZN,SHORT,0.5,-1.0228,A,7.0,ICT_STRUCTURE,210.86839285714288,0.318529359271826
2026-03-11T14:00:00+00:00,GOOGL,SHORT,0.5,2.5128,A,7.0,ICT_STRUCTURE,307.51339285714283,2.587090734788239
2026-03-12T09:30:00+00:00,SPY,LONG,0.5,-1.4809,B,5.0,ICT_STRUCTURE,671.41625,0.29542670234908985
2026-03-12T09:30:00+00:00,QQQ,SHORT,0.5,-1.5289,B,5.0,ICT_STRUCTURE,602.8255357142857,0.27443582899030294
2026-03-12T09:30:00+00:00,NVDA,SHORT,0.5,0.7669,B,5.0,ICT_STRUCTURE,184.085,1.9049557522123763
2026-03-12T09:30:00+00:00,TSLA,SHORT,0.5,0.3031,B,5.0,ICT_STRUCTURE,401.6766071428571,1.0983398522381453
2026-03-12T09:30:00+00:00,GLD,SHORT,0.5,0.2042,B,5.0,ICT_STRUCTURE,472.9189285714286,1.1512098373661113
2026-03-12T09:30:00+00:00,SLV,SHORT,0.5,-0.0186,C,3.5,ICT_STRUCTURE,76.74035714285715,0.9684287011807424
2026-03-12T09:30:00+00:00,AAPL,SHORT,0.5,-0.8846,B,5.0,ICT_STRUCTURE,258.3671428571429,0.27578362573099335
2026-03-12T09:30:00+00:00,MSFT,LONG,0.5,-0.4587,B,5.0,ICT_STRUCTURE,401.6942857142857,0.7055845942228118
2026-03-12T09:30:00+00:00,AMZN,LONG,0.5,-0.9962,C,3.5,ICT_STRUCTURE,209.83946428571429,0.2860382671018141
2026-03-12T09:30:00+00:00,GOOGL,SHORT,0.5,1.5435,B,5.0,ICT_STRUCTURE,306.0925,2.207038123167149
2026-03-12T14:00:00+00:00,SPY,LONG,0.5,1.6068,A,7.0,ICT_STRUCTURE,664.3866071428572,1.779335671906817
2026-03-12T14:00:00+00:00,QQQ,LONG,0.5,1.0199,A,7.0,ICT_STRUCTURE,594.6680357142857,1.4797396161438199
2026-03-12T14:00:00+00:00,NVDA,LONG,0.5,-0.8907,A,7.0,ICT_STRUCTURE,180.42642857142857,0.08345461227490557
2026-03-12T14:00:00+00:00,TSLA,LONG,0.5,-0.6595,A,7.0,ICT_STRUCTURE,389.15767857142856,0.7968490249470542
2026-03-12T14:00:00+00:00,GLD,LONG,0.5,-1.3035,A,7.0,ICT_STRUCTURE,469.6716071428571,0.054850780086745085
2026-03-12T14:00:00+00:00,SLV,SHORT,0.5,-0.3974,C,4.5,ICT_STRUCTURE,76.13089285714285,0.40207443235255025
2026-03-12T14:00:00+00:00,AAPL,LONG,0.5,1.2922,A,7.0,ICT_STRUCTURE,252.63785714285714,2.117775718257672
2026-03-12T14:00:00+00:00,MSFT,LONG,0.5,-0.7436,B,5.0,ICT_STRUCTURE,402.0305357142857,0.5322594776748236
2026-03-12T14:00:00+00:00,AMZN,LONG,0.5,0.5806,A,7.0,ICT_STRUCTURE,206.90892857142856,1.4182992409623032
2026-03-12T14:00:00+00:00,GOOGL,LONG,0.5,-0.924,A,7.0,ICT_STRUCTURE,299.1257142857143,0.36585294117646183
2026-03-13T09:30:00+00:00,SPY,LONG,0.5,1.544,A,7.0,ICT_STRUCTURE,663.3473214285715,1.8228579586010352
2026-03-13T09:30:00+00:00,QQQ,LONG,0.5,1.4053,A,7.0,ICT_STRUCTURE,593.39125,1.7340907606921319
2026-03-13T09:30:00+00:00,NVDA,SHORT,0.5,-0.7961,C,3.5,ICT_STRUCTURE,180.94910714285714,0.16672834314551735
2026-03-13T09:30:00+00:00,TSLA,LONG,0.5,-0.3659,B,5.0,ICT_STRUCTURE,390.1792857142857,0.8593050405164091
2026-03-13T09:30:00+00:00,GLD,LONG,0.5,2.7584,A,7.0,ICT_STRUCTURE,462.2494642857142,3.4190650692976177
2026-03-13T09:30:00+00:00,SLV,LONG,0.5,0.0369,A,7.0,ICT_STRUCTURE,74.93785714285714,1.0701018329938905
2026-03-13T09:30:00+00:00,AAPL,LONG,0.5,0.5839,B,5.0,ICT_STRUCTURE,253.46107142857144,1.519256788947126
2026-03-13T09:30:00+00:00,MSFT,LONG,0.5,0.3835,B,5.0,ICT_STRUCTURE,399.12339285714285,1.2333691931540172
2026-03-13T09:30:00+00:00,AMZN,LONG,0.5,0.7211,A,7.0,ICT_STRUCTURE,206.81089285714285,1.5236879984438756
2026-03-13T09:30:00+00:00,GOOGL,SHORT,0.5,-1.1482,C,4.5,ICT_STRUCTURE,300.8441071428571,0.17861914798491876
2026-03-13T14:00:00+00:00,SPY,LONG,0.5,2.1285,A,7.0,ICT_STRUCTURE,661.1335714285714,2.0572574064218663
2026-03-13T14:00:00+00:00,QQQ,LONG,0.5,1.6947,A,7.0,ICT_STRUCTURE,591.6271428571428,1.7876958831341483
2026-03-13T14:00:00+00:00,NVDA,LONG,0.5,-0.7998,B,5.0,ICT_STRUCTURE,180.01232142857143,0.2446074711189822
2026-03-13T14:00:00+00:00,TSLA,LONG,0.5,0.705,A,7.0,ICT_STRUCTURE,387.4292857142857,1.2672596804765766
2026-03-13T14:00:00+00:00,GLD,LONG,0.5,3.2668,A,7.0,ICT_STRUCTURE,460.47375,3.4097925311203436
2026-03-13T14:00:00+00:00,SLV,LONG,0.5,1.4577,A,7.0,ICT_STRUCTURE,71.78107142857144,3.3436807349985616
2026-03-13T14:00:00+00:00,AAPL,LONG,0.5,1.3781,A,7.0,ICT_STRUCTURE,251.6382142857143,2.269100476895257
2026-03-13T14:00:00+00:00,MSFT,LONG,0.5,1.9045,A,7.0,ICT_STRUCTURE,395.44642857142856,2.115848503871098
2026-03-13T14:00:00+00:00,AMZN,LONG,0.5,1.178,B,5.0,ICT_STRUCTURE,205.86785714285713,1.891684238983505
2026-03-13T14:00:00+00:00,GOOGL,SHORT,0.5,-0.5801,C,3.5,ICT_STRUCTURE,302.05875,0.5987375702550666
2026-03-16T09:30:00+00:00,SPY,LONG,0.5,2.9973,A,7.0,ICT_STRUCTURE,657.9944642857143,2.519353699932086
2026-03-16T09:30:00+00:00,QQQ,LONG,0.5,2.9058,A,7.0,ICT_STRUCTURE,588.1062499999999,2.3824918227773155
2026-03-16T09:30:00+00:00,NVDA,LONG,0.5,0.2614,A,7.0,ICT_STRUCTURE,178.0175,1.2611235955056135
2026-03-16T09:30:00+00:00,TSLA,LONG,0.5,1.3774,A,7.0,ICT_STRUCTURE,386.53732142857143,1.5998071464676027
2026-03-16T09:30:00+00:00,GLD,LONG,0.5,3.8959,A,7.0,ICT_STRUCTURE,457.3926785714286,3.3002772945332346
2026-03-16T09:30:00+00:00,SLV,LONG,0.5,1.5973,A,7.0,ICT_STRUCTURE,71.2517857142857,3.559324749642336
2026-03-16T09:30:00+00:00,AAPL,LONG,0.5,2.7414,A,7.0,ICT_STRUCTURE,247.83928571428572,3.7132909155178466
2026-03-16T09:30:00+00:00,MSFT,LONG,0.5,2.8692,A,7.0,ICT_STRUCTURE,392.0982142857143,2.6721365386616927
2026-03-16T09:30:00+00:00,AMZN,LONG,0.5,1.1829,A,8.0,ICT_STRUCTURE,205.14892857142857,1.9273470530589478
2026-03-16T09:30:00+00:00,GOOGL,LONG,0.5,-1.0255,A,7.0,ICT_STRUCTURE,299.1942857142857,0.328826554464699
2026-03-16T14:00:00+00:00,SPY,LONG,0.5,-1.0303,C,3.5,ICT_STRUCTURE,665.9219642857142,0.46866510107289183
2026-03-16T14:00:00+00:00,QQQ,LONG,0.5,-1.359,C,3.5,ICT_STRUCTURE,596.9182142857143,0.3208067826863121
2026-03-16T14:00:00+00:00,NVDA,SHORT,0.5,-0.2562,B,5.0,ICT_STRUCTURE,182.18089285714285,0.7323518984979983
2026-03-16T14:00:00+00:00,TSLA,SHORT,0.5,-1.0389,A,7.0,ICT_STRUCTURE,396.4825,0.532816188870157
2026-03-16T14:00:00+00:00,GLD,LONG,0.5,4.4426,A,7.0,ICT_STRUCTURE,455.49,3.4993530239099764
2026-03-16T14:00:00+00:00,SLV,LONG,0.5,1.1022,B,5.0,MAX_RISK_CAP,71.5988,2.5286066246920256
2026-03-16T14:00:00+00:00,AAPL,LONG,0.5,0.7172,B,6.0,ICT_STRUCTURE,251.56910714285715,1.7222983544645256
2026-03-16T14:00:00+00:00,MSFT,LONG,0.5,1.4613,A,7.0,ICT_STRUCTURE,394.73785714285714,1.9271651937457486
2026-03-16T14:00:00+00:00,AMZN,LONG,0.5,0.2974,B,5.0,ICT_STRUCTURE,206.6630357142857,1.2382235571765752
2026-03-16T14:00:00+00:00,GOOGL,SHORT,0.5,-1.171,C,3.5,ICT_STRUCTURE,301.14892857142854,0.2195882422943975
2026-03-17T09:30:00+00:00,SPY,LONG,0.5,0.0255,C,3.5,ICT_STRUCTURE,665.2957142857143,1.0161413043478293
2026-03-17T09:30:00+00:00,QQQ,LONG,0.5,-0.3293,C,3.5,ICT_STRUCTURE,596.9017857142858,0.7940993858179873
2026-03-17T09:30:00+00:00,NVDA,LONG,0.5,-0.6746,B,5.0,ICT_STRUCTURE,179.92071428571427,0.43531838565022096
2026-03-17T09:30:00+00:00,TSLA,LONG,0.5,-0.0824,B,5.0,ICT_STRUCTURE,390.2605357142857,0.9610200548870551
2026-03-17T09:30:00+00:00,GLD,LONG,0.5,2.7774,B,6.0,ICT_STRUCTURE,456.57392857142855,2.4076604217576367
2026-03-17T09:30:00+00:00,SLV,LONG,0.5,0.9689,B,5.0,ICT_STRUCTURE,72.00285714285714,2.592053990610327
2026-03-17T09:30:00+00:00,AAPL,LONG,0.5,0.8747,B,5.0,ICT_STRUCTURE,250.9632142857143,1.9421734949028715
2026-03-17T09:30:00+00:00,MSFT,LONG,0.5,-0.1527,A,7.0,ICT_STRUCTURE,396.55571428571426,0.9075486381322795
2026-03-17T09:30:00+00:00,AMZN,SHORT,0.5,-1.0796,A,7.0,ICT_STRUCTURE,209.32678571428573,0.1180860685630891
2026-03-17T09:30:00+00:00,GOOGL,SHORT,0.5,-0.7053,B,5.0,ICT_STRUCTURE,302.6148214285715,0.538299140803099
2026-03-17T14:00:00+00:00,SPY,SHORT,0.5,-0.9582,A,7.0,ICT_STRUCTURE,669.8887500000001,0.38203950020153254
2026-03-17T14:00:00+00:00,QQQ,SHORT,0.5,-0.557,A,7.0,ICT_STRUCTURE,601.7796428571428,0.6452450813146783
2026-03-17T14:00:00+00:00,NVDA,LONG,0.5,-0.9624,B,5.0,ICT_STRUCTURE,180.54607142857142,0.22199509167026898
2026-03-17T14:00:00+00:00,TSLA,LONG,0.5,-1.9093,C,4.5,ICT_STRUCTURE,394.7891071428571,0.07223220096318102
2026-03-17T14:00:00+00:00,GLD,LONG,0.5,3.1328,B,5.0,ICT_STRUCTURE,456.50482142857146,2.8029351009711854
2026-03-17T14:00:00+00:00,SLV,LONG,0.5,1.2056,B,5.0,ICT_STRUCTURE,71.36053571428572,3.010260532976044
2026-03-17T14:00:00+00:00,AAPL,LONG,0.5,0.0431,A,6.5,ICT_STRUCTURE,252.56071428571428,1.0465662417921948
2026-03-17T14:00:00+00:00,MSFT,LONG,0.5,-0.3373,C,3.5,ICT_STRUCTURE,396.5046428571428,0.8013295466498457
2026-03-17T14:00:00+00:00,AMZN,SHORT,0.5,0.1068,A,7.0,ICT_STRUCTURE,211.6780357142857,1.0927623923667602
2026-03-17T14:00:00+00:00,GOOGL,SHORT,0.5,-0.0854,A,7.0,ICT_STRUCTURE,304.16375,0.9386810228802318
2026-03-18T09:30:00+00:00,SPY,LONG,0.5,-1.1897,C,3.5,ICT_STRUCTURE,667.9969642857143,0.1357047415191058
2026-03-18T09:30:00+00:00,QQQ,SHORT,0.5,-0.6937,B,5.0,ICT_STRUCTURE,600.8555357142858,0.5105373905374242
2026-03-18T09:30:00+00:00,NVDA,LONG,0.5,-0.4106,B,5.0,ICT_STRUCTURE,179.41642857142858,0.677118786857621
2026-03-18T09:30:00+00:00,TSLA,LONG,0.5,-1.4536,C,3.5,ICT_STRUCTURE,395.6223214285714,0.15429016674458046
2026-03-18T09:30:00+00:00,GLD,LONG,0.5,3.0484,B,5.0,ICT_STRUCTURE,456.92125,3.2180081855388485
2026-03-18T09:30:00+00:00,SLV,LONG,0.5,1.2693,B,5.0,ICT_STRUCTURE,70.70910714285714,3.511252428899482
2026-03-18T09:30:00+00:00,AAPL,LONG,0.5,-0.0889,C,3.5,ICT_STRUCTURE,252.20232142857142,0.9123240863056026
2026-03-18T09:30:00+00:00,MSFT,LONG,0.5,-0.6222,C,3.5,ICT_STRUCTURE,396.17696428571423,0.6416864620288995
2026-03-18T09:30:00+00:00,AMZN,SHORT,0.5,0.8911,A,7.0,ICT_STRUCTURE,213.155,1.8138356164383567
2026-03-18T09:30:00+00:00,GOOGL,SHORT,0.5,1.5613,A,7.0,ICT_STRUCTURE,308.6573214285715,2.3861815299247513
2026-03-18T14:00:00+00:00,SPY,LONG,0.5,-0.0653,A,7.0,ICT_STRUCTURE,663.8501785714286,0.96029528307006
2026-03-18T14:00:00+00:00,QQQ,LONG,0.5,-1.0576,A,7.0,ICT_STRUCTURE,597.0248214285714,0.37235415673184474
2026-03-18T14:00:00+00:00,NVDA,LONG,0.5,-0.9293,B,5.0,ICT_STRUCTURE,180.10410714285715,0.2975177161368643
2026-03-18T14:00:00+00:00,TSLA,LONG,0.5,-1.7264,B,5.0,ICT_STRUCTURE,393.90749999999997,0.21838143746464034
2026-03-18T14:00:00+00:00,GLD,LONG,0.5,8.2521,A,7.0,ICT_STRUCTURE,444.3128571428571,6.470127840909089
2026-03-18T14:00:00+00:00,SLV,LONG,0.5,2.0001,A,7.0,ICT_STRUCTURE,68.40053571428572,4.605465958474184
2026-03-18T14:00:00+00:00,AAPL,LONG,0.5,0.6552,B,5.5,ICT_STRUCTURE,250.37678571428572,1.623039565291225
2026-03-18T14:00:00+00:00,MSFT,LONG,0.5,1.3254,A,7.0,ICT_STRUCTURE,391.7778571428571,1.771209476309232
2026-03-18T14:00:00+00:00,AMZN,SHORT,0.5,-0.9038,B,6.0,ICT_STRUCTURE,209.66000000000003,0.18018140589569284
2026-03-18T14:00:00+00:00,GOOGL,SHORT,0.5,1.2485,A,7.0,ICT_STRUCTURE,308.4764285714286,2.083937984496136
2026-03-19T09:30:00+00:00,SPY,LONG,0.5,2.3298,A,7.0,ICT_STRUCTURE,657.1796428571429,2.3543776601266746
2026-03-19T09:30:00+00:00,QQQ,LONG,0.5,1.463,A,7.0,ICT_STRUCTURE,590.9410714285715,1.8950857642302887
2026-03-19T09:30:00+00:00,NVDA,LONG,0.5,0.4654,A,7.0,ICT_STRUCTURE,178.47375,1.4895463510848137
2026-03-19T09:30:00+00:00,TSLA,LONG,0.5,0.8513,A,7.0,ICT_STRUCTURE,388.5057142857143,1.3964604125083129
2026-03-19T09:30:00+00:00,GLD,LONG,0.5,8.6514,A,7.0,ICT_STRUCTURE,439.7941071428571,6.933931042929761
2026-03-19T09:30:00+00:00,SLV,LONG,0.5,2.0638,A,7.0,ICT_STRUCTURE,67.26482142857142,4.838917123401424
2026-03-19T09:30:00+00:00,AAPL,LONG,0.5,1.4571,A,7.0,ICT_STRUCTURE,247.6317857142857,2.268021756021743
2026-03-19T09:30:00+00:00,MSFT,LONG,0.5,2.4895,A,7.0,ICT_STRUCTURE,389.0283928571429,2.7278527607362095
2026-03-19T09:30:00+00:00,AMZN,LONG,0.5,-0.2199,A,7.0,ICT_STRUCTURE,207.63321428571427,0.7988894332843335
2026-03-19T09:30:00+00:00,GOOGL,SHORT,0.5,-0.4663,B,5.0,ICT_STRUCTURE,305.57464285714286,0.591898734177229
2026-03-19T14:00:00+00:00,SPY,LONG,0.5,2.9306,A,7.0,ICT_STRUCTURE,654.0571428571429,2.5094922737306775
2026-03-19T14:00:00+00:00,QQQ,LONG,0.5,2.2702,A,7.0,ICT_STRUCTURE,587.2776785714286,2.1972557329189453
2026-03-19T14:00:00+00:00,NVDA,LONG,0.5,1.3594,A,7.0,ICT_STRUCTURE,176.37571428571428,2.4943855516293794
2026-03-19T14:00:00+00:00,TSLA,LONG,0.5,5.6327,A,7.0,ICT_STRUCTURE,376.6017857142857,3.3978015963511834
2026-03-19T14:00:00+00:00,GLD,LONG,0.5,16.0591,A,7.0,ICT_STRUCTURE,417.4585714285714,7.345692915608262
2026-03-19T14:00:00+00:00,SLV,LONG,0.5,3.7335,A,7.0,MAX_RISK_CAP,62.1859,7.249310535024816
2026-03-19T14:00:00+00:00,AAPL,LONG,0.5,1.0558,A,7.0,ICT_STRUCTURE,247.4319642857143,1.855605238405324
2026-03-19T14:00:00+00:00,MSFT,LONG,0.5,2.8017,A,7.0,ICT_STRUCTURE,387.0810714285714,2.8318085230589523
2026-03-19T14:00:00+00:00,AMZN,LONG,0.5,0.6942,A,7.0,ICT_STRUCTURE,205.3044642857143,1.5970083698072675
2026-03-19T14:00:00+00:00,GOOGL,LONG,0.5,-0.6415,A,7.0,ICT_STRUCTURE,302.7289285714286,0.47869394862865844
2026-03-20T09:30:00+00:00,SPY,LONG,0.5,0.7838,B,6.0,ICT_STRUCTURE,656.5817857142857,1.400076565490861
2026-03-20T09:30:00+00:00,QQQ,LONG,0.5,-0.0941,B,6.0,ICT_STRUCTURE,589.7694642857142,0.9555054662107809
2026-03-20T09:30:00+00:00,NVDA,LONG,0.5,0.4699,B,5.0,ICT_STRUCTURE,177.30392857142857,1.5174513274336363
2026-03-20T09:30:00+00:00,TSLA,LONG,0.5,4.7007,B,5.0,ICT_STRUCTURE,375.1773214285714,2.8533248847115074
2026-03-20T09:30:00+00:00,GLD,LONG,0.5,10.262,B,6.0,ICT_STRUCTURE,421.1642857142857,4.457711191335742
2026-03-20T09:30:00+00:00,SLV,LONG,0.5,1.6876,C,4.5,MAX_RISK_CAP,64.47420000000001,4.0108679130567
2026-03-20T09:30:00+00:00,AAPL,LONG,0.5,0.9128,B,6.0,ICT_STRUCTURE,246.88625000000002,1.8556063268892773
2026-03-20T09:30:00+00:00,MSFT,LONG,0.5,2.4061,B,6.0,ICT_STRUCTURE,386.49767857142854,2.699022760229511
2026-03-20T09:30:00+00:00,AMZN,LONG,0.5,-0.2623,B,5.0,ICT_STRUCTURE,206.37071428571429,0.780442451420042
2026-03-20T09:30:00+00:00,GOOGL,SHORT,0.5,-0.6493,C,3.5,ICT_STRUCTURE,304.81892857142856,0.4073349633251752
2026-03-20T14:00:00+00:00,SPY,LONG,0.5,4.5158,A,7.0,ICT_STRUCTURE,648.2,3.2981424936387063
2026-03-20T14:00:00+00:00,QQQ,LONG,0.5,3.589,A,7.0,ICT_STRUCTURE,581.7119642857143,2.693724350061067
2026-03-20T14:00:00+00:00,NVDA,LONG,0.5,1.8608,A,7.0,ICT_STRUCTURE,173.91142857142856,2.9296814814814813
2026-03-20T14:00:00+00:00,TSLA,LONG,0.5,7.3153,A,7.0,ICT_STRUCTURE,367.00196428571434,3.503932031417143
2026-03-20T14:00:00+00:00,GLD,LONG,0.5,12.6154,B,5.0,ICT_STRUCTURE,412.6232142857143,4.969115118826908
2026-03-20T14:00:00+00:00,SLV,LONG,0.5,2.6595,B,5.0,MAX_RISK_CAP,61.6028,5.906299713649388
2026-03-20T14:00:00+00:00,AAPL,LONG,0.5,0.9238,A,7.0,ICT_STRUCTURE,246.03857142857146,1.852865150016481
2026-03-20T14:00:00+00:00,MSFT,LONG,0.5,4.3865,A,7.0,ICT_STRUCTURE,381.07107142857143,3.7597258734973495
2026-03-20T14:00:00+00:00,AMZN,LONG,0.5,0.3905,A,7.0,ICT_STRUCTURE,204.75767857142856,1.3385217862394585
2026-03-20T14:00:00+00:00,GOOGL,LONG,0.5,0.7841,A,7.0,ICT_STRUCTURE,299.34214285714285,1.6380528916012729
2026-03-23T09:30:00+00:00,SPY,LONG,0.5,4.9417,A,7.0,ICT_STRUCTURE,645.7110714285714,3.657612599635107
2026-03-23T09:30:00+00:00,QQQ,LONG,0.5,3.6528,A,7.0,ICT_STRUCTURE,580.11875,2.759843420656455
2026-03-23T09:30:00+00:00,NVDA,LONG,0.5,2.205,A,7.0,ICT_STRUCTURE,172.29071428571427,3.384658169177296
2026-03-23T09:30:00+00:00,TSLA,LONG,0.5,8.211,A,7.0,ICT_STRUCTURE,362.4557142857143,3.9094937990382186
2026-03-23T09:30:00+00:00,GLD,LONG,0.5,12.4129,A,7.0,ICT_STRUCTURE,408.0328571428571,5.319686800894862
2026-03-23T09:30:00+00:00,SLV,LONG,0.5,2.8324,A,7.0,MAX_RISK_CAP,60.2994,5.870063383715244
2026-03-23T09:30:00+00:00,AAPL,LONG,0.5,0.2666,C,4.5,ICT_STRUCTURE,247.195,1.2987114845938483
2026-03-23T09:30:00+00:00,MSFT,LONG,0.5,4.0581,B,5.0,ICT_STRUCTURE,379.7075,3.767672634271112
2026-03-23T09:30:00+00:00,AMZN,LONG,0.5,1.02,A,7.0,ICT_STRUCTURE,203.13660714285714,1.938581874948635
2026-03-23T09:30:00+00:00,GOOGL,LONG,0.5,0.72,B,6.0,ICT_STRUCTURE,298.8541071428571,1.5839698747193915
2026-03-23T14:00:00+00:00,SPY,LONG,0.5,-1.2227,B,5.5,ICT_STRUCTURE,656.8135714285714,0.42276176024280515
2026-03-23T14:00:00+00:00,QQQ,LONG,0.5,-1.2185,C,3.5,ICT_STRUCTURE,588.4546428571429,0.49601299948298544
2026-03-23T14:00:00+00:00,NVDA,LONG,0.5,0.191,B,5.5,ICT_STRUCTURE,175.53107142857144,1.1794195604764282
2026-03-23T14:00:00+00:00,TSLA,LONG,0.5,-0.5021,A,6.5,ICT_STRUCTURE,376.68660714285716,0.8515252805280566
2026-03-23T14:00:00+00:00,GLD,LONG,0.5,12.0525,A,7.0,ICT_STRUCTURE,402.9425,4.474594594594597
2026-03-23T14:00:00+00:00,SLV,LONG,0.5,1.4011,C,3.5,MAX_RISK_CAP,62.2594,3.6271053045805157
2026-03-23T14:00:00+00:00,AAPL,SHORT,0.5,-0.5779,A,7.0,ICT_STRUCTURE,249.94892857142858,0.4651396463394617
2026-03-23T14:00:00+00:00,MSFT,LONG,0.5,2.0115,B,6.0,ICT_STRUCTURE,382.5992857142857,2.3296317280453205
2026-03-23T14:00:00+00:00,AMZN,SHORT,0.5,0.01,A,7.0,ICT_STRUCTURE,209.59571428571428,1.0092475247524806
2026-03-23T14:00:00+00:00,GOOGL,LONG,0.5,-0.4055,B,6.0,ICT_STRUCTURE,300.8969642857143,0.6848330904295786
2026-03-24T09:30:00+00:00,SPY,LONG,0.5,0.7192,C,3.5,ICT_STRUCTURE,650.21,1.2787403100775223
2026-03-24T09:30:00+00:00,QQQ,LONG,0.5,0.4103,C,3.5,ICT_STRUCTURE,582.9666071428572,1.1524330779181993
2026-03-24T09:30:00+00:00,NVDA,LONG,0.5,0.889,B,5.0,ICT_STRUCTURE,173.2394642857143,1.800736630478496
2026-03-24T09:30:00+00:00,TSLA,LONG,0.5,0.4684,C,3.5,ICT_STRUCTURE,374.68875,1.1535341118623264
2026-03-24T09:30:00+00:00,GLD,LONG,0.5,10.0992,B,5.0,MAX_RISK_CAP,397.0568,3.5526211866916633
2026-03-24T09:30:00+00:00,SLV,LONG,0.5,1.3264,B,5.0,MAX_RISK_CAP,61.191199999999995,3.5677450352338145
2026-03-24T09:30:00+00:00,AAPL,SHORT,0.5,-0.9919,B,5.0,ICT_STRUCTURE,249.09589285714287,0.16090641287106647
2026-03-24T09:30:00+00:00,MSFT,LONG,0.5,2.7258,B,5.0,ICT_STRUCTURE,379.9967857142857,2.930985452245434
2026-03-24T09:30:00+00:00,AMZN,SHORT,0.5,-0.8698,B,5.0,ICT_STRUCTURE,207.9664285714286,0.2245972620184734
2026-03-24T09:30:00+00:00,GOOGL,LONG,0.5,0.0597,B,5.0,ICT_STRUCTURE,299.3383928571428,1.042804324186026
2026-03-24T14:00:00+00:00,SPY,LONG,0.5,0.8437,C,3.5,ICT_STRUCTURE,648.4642857142857,1.3109978936282314
2026-03-24T14:00:00+00:00,QQQ,LONG,0.5,1.8247,B,5.0,ICT_STRUCTURE,579.0151785714286,1.6677946606541925
2026-03-24T14:00:00+00:00,NVDA,LONG,0.5,1.0068,B,5.0,ICT_STRUCTURE,172.65875000000003,1.953771462403792
2026-03-24T14:00:00+00:00,TSLA,LONG,0.5,-2.801,A,6.5,ICT_STRUCTURE,379.0914285714286,0.1561480525069886
2026-03-24T14:00:00+00:00,GLD,LONG,0.5,8.8778,B,5.0,MAX_RISK_CAP,397.4586,3.2289617082131294
2026-03-24T14:00:00+00:00,SLV,LONG,0.5,0.6693,C,3.5,MAX_RISK_CAP,61.28910714285714,1.7350828675100456
2026-03-24T14:00:00+00:00,AAPL,SHORT,0.5,-0.8286,B,5.0,ICT_STRUCTURE,249.49875,0.3641247002398126
2026-03-24T14:00:00+00:00,MSFT,LONG,0.5,6.7029,A,7.0,ICT_STRUCTURE,369.72625000000005,4.967695153533144
2026-03-24T14:00:00+00:00,AMZN,LONG,0.5,-0.269,B,5.0,ICT_STRUCTURE,205.47607142857146,0.7743101123595516
2026-03-24T14:00:00+00:00,GOOGL,LONG,0.5,2.9561,A,7.0,ICT_STRUCTURE,292.66089285714287,2.8894184785710064
2026-03-25T09:30:00+00:00,SPY,LONG,0.5,-1.6814,C,3.5,ICT_STRUCTURE,652.3616071428572,0.34042100101572303
2026-03-25T09:30:00+00:00,QQQ,LONG,0.5,-0.9254,C,3.5,ICT_STRUCTURE,583.5110714285715,0.6260344952009649
2026-03-25T09:30:00+00:00,NVDA,LONG,0.5,-0.4066,B,5.5,ICT_STRUCTURE,175.50392857142856,0.5029731499672419
2026-03-25T09:30:00+00:00,TSLA,SHORT,0.5,-2.6448,B,5.0,ICT_STRUCTURE,379.9426785714286,0.09071185192007308
2026-03-25T09:30:00+00:00,GLD,LONG,0.5,3.7501,A,6.5,ICT_STRUCTURE,404.78517857142856,2.1565898389095506
2026-03-25T09:30:00+00:00,SLV,LONG,0.5,-0.1947,B,5.5,MAX_RISK_CAP,62.792678571428574,0.7110404241219332
2026-03-25T09:30:00+00:00,AAPL,SHORT,0.5,-1.0672,B,5.0,ICT_STRUCTURE,249.04607142857142,0.2135649427556361
2026-03-25T09:30:00+00:00,MSFT,LONG,0.5,4.5947,B,5.0,ICT_STRUCTURE,370.77053571428576,3.7111469364101133
2026-03-25T09:30:00+00:00,AMZN,LONG,0.5,0.0038,B,5.0,ICT_STRUCTURE,204.85857142857145,1.0031268436578218
2026-03-25T09:30:00+00:00,GOOGL,LONG,0.5,3.9942,A,7.0,ICT_STRUCTURE,289.48875,3.6010093610093628
2026-03-25T14:00:00+00:00,SPY,SHORT,0.5,-2.2543,B,5.0,ICT_STRUCTURE,653.8667857142857,0.0613339281731107
2026-03-25T14:00:00+00:00,QQQ,LONG,0.5,-2.2714,C,3.5,ICT_STRUCTURE,585.3844642857143,0.07958609211620594
2026-03-25T14:00:00+00:00,NVDA,SHORT,0.5,0.3859,A,7.0,ICT_STRUCTURE,178.51285714285714,1.3864306151645085
2026-03-25T14:00:00+00:00,TSLA,SHORT,0.5,1.1575,A,7.0,ICT_STRUCTURE,387.3198214285714,1.3930307715628214
2026-03-25T14:00:00+00:00,GLD,LONG,0.5,-0.8228,B,5.5,ICT_STRUCTURE,414.5757142857143,0.6658224543080842
2026-03-25T14:00:00+00:00,SLV,SHORT,0.5,0.0379,A,7.0,ICT_STRUCTURE,64.80446428571429,1.0580331008069987
2026-03-25T14:00:00+00:00,AAPL,SHORT,0.5,-0.199,B,6.0,ICT_STRUCTURE,250.82910714285714,0.8451538514968496
2026-03-25T14:00:00+00:00,MSFT,LONG,0.5,4.477,B,5.0,ICT_STRUCTURE,369.85589285714286,3.5998299372634426
2026-03-25T14:00:00+00:00,AMZN,SHORT,0.5,0.1023,B,5.0,ICT_STRUCTURE,210.06410714285715,1.0999598498734495
2026-03-25T14:00:00+00:00,GOOGL,LONG,0.5,4.2303,A,7.0,ICT_STRUCTURE,288.1173214285714,3.597132050649561
2026-03-26T09:30:00+00:00,SPY,LONG,0.5,-1.8863,C,3.5,ICT_STRUCTURE,652.0110714285714,0.12648970478788757
2026-03-26T09:30:00+00:00,QQQ,LONG,0.5,-1.6685,C,3.5,ICT_STRUCTURE,582.7017857142856,0.3117023941068203
2026-03-26T09:30:00+00:00,NVDA,SHORT,0.5,-0.4077,B,5.0,ICT_STRUCTURE,176.4973214285714,0.588698549941431
2026-03-26T09:30:00+00:00,TSLA,SHORT,0.5,-1.6901,C,4.5,ICT_STRUCTURE,380.58178571428573,0.3726652084576081
2026-03-26T09:30:00+00:00,GLD,LONG,0.5,-0.6912,C,3.5,ICT_STRUCTURE,411.7260714285714,0.6573244798583352
2026-03-26T09:30:00+00:00,SLV,SHORT,0.5,-0.2683,B,5.0,ICT_STRUCTURE,63.57607142857144,0.5468235294117818
2026-03-26T09:30:00+00:00,AAPL,SHORT,0.5,-0.4142,B,6.0,ICT_STRUCTURE,250.29892857142858,0.6415639004790704
2026-03-26T09:30:00+00:00,MSFT,LONG,0.5,4.118,B,6.0,ICT_STRUCTURE,368.13125,3.7556503554998084
2026-03-26T09:30:00+00:00,AMZN,SHORT,0.5,-0.0349,B,6.0,ICT_STRUCTURE,209.72482142857143,0.9648882907133396
2026-03-26T09:30:00+00:00,GOOGL,LONG,0.5,3.7235,A,7.0,ICT_STRUCTURE,287.89428571428573,3.413374999999989
2026-03-26T14:00:00+00:00,SPY,LONG,0.5,-0.3006,A,7.0,ICT_STRUCTURE,647.7569642857143,0.864396374622356
2026-03-26T14:00:00+00:00,QQQ,LONG,0.5,0.8719,A,7.0,ICT_STRUCTURE,576.4221428571428,1.3524238487079545
2026-03-26T14:00:00+00:00,NVDA,LONG,0.5,0.5794,A,7.0,ICT_STRUCTURE,171.52482142857144,1.553089576408427
2026-03-26T14:00:00+00:00,TSLA,LONG,0.5,-1.079,A,7.0,ICT_STRUCTURE,374.2571428571428,0.5990870488322627
2026-03-26T14:00:00+00:00,GLD,LONG,0.5,1.147,B,5.0,ICT_STRUCTURE,406.11160714285717,1.602329441552959
2026-03-26T14:00:00+00:00,SLV,LONG,0.5,-0.0945,A,8.0,MAX_RISK_CAP,61.2675,0.8543352601156141
2026-03-26T14:00:00+00:00,AAPL,SHORT,0.5,1.4621,A,7.0,ICT_STRUCTURE,254.0657142857143,2.2316185318893083
2026-03-26T14:00:00+00:00,MSFT,LONG,0.5,3.265,B,5.0,ICT_STRUCTURE,367.8464285714286,2.8479684657368214
2026-03-26T14:00:00+00:00,AMZN,SHORT,0.5,0.3184,B,5.0,ICT_STRUCTURE,210.26285714285714,1.3095833333333462
2026-03-26T14:00:00+00:00,GOOGL,LONG,0.5,5.5783,A,7.0,ICT_STRUCTURE,283.23303571428573,4.5678807606647265
2026-03-27T09:30:00+00:00,SPY,LONG,0.5,2.1725,A,7.0,ICT_STRUCTURE,642.2378571428571,2.0883771694399917
2026-03-27T09:30:00+00:00,QQQ,LONG,0.5,3.8597,A,7.0,ICT_STRUCTURE,570.5035714285715,2.9315674709562707
2026-03-27T09:30:00+00:00,NVDA,LONG,0.5,1.2784,A,7.0,ICT_STRUCTURE,170.29196428571427,2.5704595810025066
2026-03-27T09:30:00+00:00,TSLA,LONG,0.5,1.9498,A,7.0,ICT_STRUCTURE,367.26178571428574,1.8169936401047424
2026-03-27T09:30:00+00:00,GLD,LONG,0.5,3.8009,A,7.0,ICT_STRUCTURE,396.09178571428566,2.671378091872789
2026-03-27T09:30:00+00:00,SLV,LONG,0.5,0.1421,A,7.0,MAX_RISK_CAP,60.41160714285715,1.2205128205128268
2026-03-27T09:30:00+00:00,AAPL,SHORT,0.5,0.2574,B,5.0,ICT_STRUCTURE,252.09160714285716,1.2201542573501516
2026-03-27T09:30:00+00:00,MSFT,LONG,0.5,4.5353,A,7.0,ICT_STRUCTURE,363.22964285714284,3.9736002809975686
2026-03-27T09:30:00+00:00,AMZN,LONG,0.5,-0.333,A,7.0,ICT_STRUCTURE,205.29732142857145,0.7082030822185612
2026-03-27T09:30:00+00:00,GOOGL,LONG,0.5,6.6536,A,7.0,ICT_STRUCTURE,277.7657142857143,4.9204461279461
2026-03-27T14:00:00+00:00,SPY,LONG,0.5,4.668,A,7.0,ICT_STRUCTURE,636.2332142857143,3.3417396757144027
2026-03-27T14:00:00+00:00,QQQ,LONG,0.5,6.7622,A,7.0,ICT_STRUCTURE,563.4275,4.421707779886198
2026-03-27T14:00:00+00:00,NVDA,LONG,0.5,2.476,A,7.0,ICT_STRUCTURE,166.7328571428571,3.5563200589970427
2026-03-27T14:00:00+00:00,TSLA,LONG,0.5,4.6042,A,7.0,ICT_STRUCTURE,360.5257142857143,2.9107218022824966
2026-03-27T14:00:00+00:00,GLD,SHORT,0.5,-1.2644,B,5.0,ICT_STRUCTURE,409.52071428571423,0.4817303469477391
2026-03-27T14:00:00+00:00,SLV,SHORT,0.5,-0.4819,B,5.0,MAX_RISK_CAP,62.18839285714286,0.3644978217355457
2026-03-27T14:00:00+00:00,AAPL,SHORT,0.5,-0.5642,C,3.5,ICT_STRUCTURE,250.595,0.5797392923649911
2026-03-27T14:00:00+00:00,MSFT,LONG,0.5,6.7128,A,7.0,ICT_STRUCTURE,356.54875000000004,5.054526236315637
2026-03-27T14:00:00+00:00,AMZN,LONG,0.5,2.6237,A,7.0,ICT_STRUCTURE,198.55232142857142,3.0925016022217457
2026-03-27T14:00:00+00:00,GOOGL,LONG,0.5,7.0238,A,7.0,ICT_STRUCTURE,275.77910714285713,5.559589636584941
2026-03-30T09:30:00+00:00,SPY,LONG,0.5,6.6545,A,7.0,ICT_STRUCTURE,629.9198214285714,4.230180730724231
2026-03-30T09:30:00+00:00,QQQ,LONG,0.5,8.0084,A,7.0,ICT_STRUCTURE,557.7524999999999,4.9768342644320525
2026-03-30T09:30:00+00:00,NVDA,LONG,0.5,2.5488,A,7.0,ICT_STRUCTURE,165.52999999999997,3.654947916666664
2026-03-30T09:30:00+00:00,TSLA,LONG,0.5,5.161,A,7.0,ICT_STRUCTURE,356.4403571428572,2.9294852793911548
2026-03-30T09:30:00+00:00,GLD,SHORT,0.5,-0.7365,A,7.0,ICT_STRUCTURE,409.40857142857146,0.7197662725914009
2026-03-30T09:30:00+00:00,SLV,SHORT,0.5,-0.5995,B,5.0,MAX_RISK_CAP,61.85625,0.15186560565871451
2026-03-30T09:30:00+00:00,AAPL,LONG,0.5,0.1332,A,7.0,ICT_STRUCTURE,245.7755357142857,1.0910716248397219
2026-03-30T09:30:00+00:00,MSFT,LONG,0.5,6.9185,A,7.0,ICT_STRUCTURE,353.93910714285715,5.745375711923581
2026-03-30T09:30:00+00:00,AMZN,LONG,0.5,2.9785,A,7.0,ICT_STRUCTURE,196.70375,3.2342053445851016
2026-03-30T09:30:00+00:00,GOOGL,LONG,0.5,7.7937,A,7.0,ICT_STRUCTURE,271.37607142857144,6.22377498503891
2026-03-30T14:00:00+00:00,SPY,LONG,0.5,4.3605,A,7.0,ICT_STRUCTURE,633.1416071428572,3.005570202455776
2026-03-30T14:00:00+00:00,QQQ,LONG,0.5,6.1331,A,7.0,ICT_STRUCTURE,559.8967857142857,3.8873980664144616
2026-03-30T14:00:00+00:00,NVDA,LONG,0.5,2.059,A,7.0,ICT_STRUCTURE,165.8375,2.967980884109919
2026-03-30T14:00:00+00:00,TSLA,LONG,0.5,3.5332,B,5.0,ICT_STRUCTURE,359.15767857142856,2.3505436674516242
2026-03-30T14:00:00+00:00,GLD,SHORT,0.5,0.7657,B,6.0,ICT_STRUCTURE,412.2191071428571,1.3278617578468583
2026-03-30T14:00:00+00:00,SLV,SHORT,0.5,-0.116,B,6.0,MAX_RISK_CAP,62.918035714285715,0.8270711909514317
2026-03-30T14:00:00+00:00,AAPL,LONG,0.5,1.1446,A,7.0,ICT_STRUCTURE,243.435,1.7517898193760213
2026-03-30T14:00:00+00:00,MSFT,LONG,0.5,2.2799,A,8.0,ICT_STRUCTURE,361.6041071428572,2.379296710419696
2026-03-30T14:00:00+00:00,AMZN,LONG,0.5,1.3019,B,6.0,ICT_STRUCTURE,200.12089285714285,2.0295700063545743
2026-03-30T14:00:00+00:00,GOOGL,LONG,0.5,6.7196,A,7.0,ICT_STRUCTURE,271.6557142857143,5.518434197886669
2026-03-31T09:30:00+00:00,SPY,LONG,0.5,6.2548,A,7.0,ICT_STRUCTURE,627.7080357142858,3.901145483911097
2026-03-31T09:30:00+00:00,QQQ,LONG,0.5,7.8366,A,7.0,ICT_STRUCTURE,553.4944642857142,4.912875930631698
2026-03-31T09:30:00+00:00,NVDA,LONG,0.5,2.9543,A,7.0,ICT_STRUCTURE,163.2394642857143,4.076570897257095
2026-03-31T09:30:00+00:00,TSLA,LONG,0.5,7.2152,A,7.0,ICT_STRUCTURE,349.85017857142856,3.6333848209339528
2026-03-31T09:30:00+00:00,GLD,SHORT,0.5,-0.3669,B,5.0,ICT_STRUCTURE,409.8719642857143,0.845444356688873
2026-03-31T09:30:00+00:00,SLV,SHORT,0.5,-0.388,B,6.0,ICT_STRUCTURE,62.51553571428571,0.2387528463829048
2026-03-31T09:30:00+00:00,AAPL,LONG,0.5,1.0487,A,7.0,ICT_STRUCTURE,243.84428571428572,1.729379036264281
2026-03-31T09:30:00+00:00,MSFT,LONG,0.5,3.6502,B,5.0,ICT_STRUCTURE,354.86910714285716,2.861924670947779
2026-03-31T09:30:00+00:00,AMZN,LONG,0.5,1.9485,B,5.0,ICT_STRUCTURE,198.54071428571427,2.6208615567439177
2026-03-31T09:30:00+00:00,GOOGL,LONG,0.5,5.997,A,7.0,ICT_STRUCTURE,270.85017857142856,5.613385534720825
2026-03-31T14:00:00+00:00,SPY,LONG,0.5,2.1113,B,5.0,ICT_STRUCTURE,633.9441071428572,1.8841293699756931
2026-03-31T14:00:00+00:00,QQQ,LONG,0.5,3.2155,C,3.5,ICT_STRUCTURE,560.6766071428572,2.4840581860139515
2026-03-31T14:00:00+00:00,NVDA,LONG,0.5,0.2606,A,6.5,ICT_STRUCTURE,167.99517857142857,1.2548773032923033
2026-03-31T14:00:00+00:00,TSLA,LONG,0.5,3.2201,B,6.0,ICT_STRUCTURE,357.39714285714285,2.170327102803753
2026-03-31T14:00:00+00:00,GLD,SHORT,0.5,3.7161,A,7.0,ICT_STRUCTURE,418.76446428571427,2.912777241601183
2026-03-31T14:00:00+00:00,SLV,SHORT,0.5,0.8793,A,7.0,ICT_STRUCTURE,65.28571428571428,2.7958132749817572
2026-03-31T14:00:00+00:00,AAPL,LONG,0.5,0.9109,B,6.0,ICT_STRUCTURE,244.65803571428572,1.700138631528381
2026-03-31T14:00:00+00:00,MSFT,LONG,0.5,0.6279,C,3.5,ICT_STRUCTURE,359.3735714285714,1.3073273903163962
2026-03-31T14:00:00+00:00,AMZN,LONG,0.5,-0.0049,B,5.5,ICT_STRUCTURE,202.71035714285713,0.9956303059426664
2026-03-31T14:00:00+00:00,GOOGL,LONG,0.5,1.8592,A,6.5,ICT_STRUCTURE,277.96500000000003,2.339963963963986
2026-04-01T09:30:00+00:00,SPY,SHORT,0.5,-1.0539,A,7.0,ICT_STRUCTURE,644.5914285714287,0.5991741374626476
2026-04-01T09:30:00+00:00,QQQ,SHORT,0.5,-0.9597,A,7.0,ICT_STRUCTURE,572.3871428571429,0.6155793991416211
2026-04-01T09:30:00+00:00,NVDA,SHORT,0.5,-0.1004,A,7.0,ICT_STRUCTURE,172.12517857142856,0.9121062915201146
2026-04-01T09:30:00+00:00,TSLA,LONG,0.5,-2.1394,C,3.5,ICT_STRUCTURE,365.4198214285714,0.3186692826068348
2026-04-01T09:30:00+00:00,GLD,SHORT,0.5,6.4956,A,7.0,ICT_STRUCTURE,426.6067857142857,4.546389782587501
2026-04-01T09:30:00+00:00,SLV,SHORT,0.5,1.5573,A,7.0,ICT_STRUCTURE,67.25678571428571,4.448446026097275
2026-04-01T09:30:00+00:00,AAPL,SHORT,0.5,-0.5174,A,7.0,ICT_STRUCTURE,250.80392857142857,0.6463615281337751
2026-04-01T09:30:00+00:00,MSFT,SHORT,0.5,-0.1189,A,7.0,ICT_STRUCTURE,366.8257142857143,0.9381196581196587
2026-04-01T09:30:00+00:00,AMZN,SHORT,0.5,-0.6443,A,7.0,ICT_STRUCTURE,205.79392857142855,0.5036070986380411
2026-04-01T09:30:00+00:00,GOOGL,SHORT,0.5,-0.6384,A,7.0,ICT_STRUCTURE,284.3296428571429,0.5934038439667889
2026-04-01T14:00:00+00:00,SPY,SHORT,0.5,2.1178,A,7.0,ICT_STRUCTURE,650.9207142857143,1.7730048233607079
2026-04-01T14:00:00+00:00,QQQ,SHORT,0.5,3.026,A,7.0,ICT_STRUCTURE,580.2191071428572,2.1547664315649673
2026-04-01T14:00:00+00:00,NVDA,SHORT,0.5,0.9977,A,7.0,ICT_STRUCTURE,174.38196428571428,1.8664495619136312
2026-04-01T14:00:00+00:00,TSLA,SHORT,0.5,0.7167,A,7.0,ICT_STRUCTURE,375.00607142857143,1.2187041578115747
2026-04-01T14:00:00+00:00,GLD,SHORT,0.5,8.8695,A,7.0,ICT_STRUCTURE,433.21678571428566,5.652003371733614
2026-04-01T14:00:00+00:00,SLV,SHORT,0.5,1.3873,A,7.0,ICT_STRUCTURE,67.2055357142857,3.7216605359957766
2026-04-01T14:00:00+00:00,AAPL,SHORT,0.5,-0.2879,A,7.0,ICT_STRUCTURE,251.43964285714287,0.7785469028979527
2026-04-01T14:00:00+00:00,MSFT,SHORT,0.5,0.5884,A,8.0,ICT_STRUCTURE,367.93910714285715,1.304801813052117
2026-04-01T14:00:00+00:00,AMZN,SHORT,0.5,0.8273,A,7.0,ICT_STRUCTURE,208.72732142857143,1.5924496451179677
2026-04-01T14:00:00+00:00,GOOGL,SHORT,0.5,3.8284,A,7.0,ICT_STRUCTURE,292.9805357142857,3.2391916026946626
2026-04-02T09:30:00+00:00,SPY,SHORT,0.5,2.1508,B,5.0,ICT_STRUCTURE,651.0342857142858,1.9763651102464457
2026-04-02T09:30:00+00:00,QQQ,SHORT,0.5,2.7644,B,5.0,ICT_STRUCTURE,579.3528571428571,2.232155364533605
2026-04-02T09:30:00+00:00,NVDA,SHORT,0.5,0.7125,B,5.0,ICT_STRUCTURE,173.76714285714286,1.726004366812226
2026-04-02T09:30:00+00:00,TSLA,SHORT,0.5,1.0136,B,5.0,ICT_STRUCTURE,375.3596428571429,1.340104260291216
2026-04-02T09:30:00+00:00,GLD,SHORT,0.5,6.9937,B,5.0,ICT_STRUCTURE,433.37267857142854,4.988051524871438
2026-04-02T09:30:00+00:00,SLV,SHORT,0.5,1.1282,B,5.0,ICT_STRUCTURE,67.14071428571428,3.7209130060292908
2026-04-02T09:30:00+00:00,AAPL,SHORT,0.5,0.3675,A,7.0,ICT_STRUCTURE,252.9994642857143,1.3023877745940984
2026-04-02T09:30:00+00:00,MSFT,SHORT,0.5,0.008,B,5.0,ICT_STRUCTURE,366.46410714285713,1.0049775112443928
2026-04-02T09:30:00+00:00,AMZN,SHORT,0.5,0.1343,A,7.0,ICT_STRUCTURE,207.54267857142858,1.0878476724490371
2026-04-02T09:30:00+00:00,GOOGL,SHORT,0.5,4.2864,A,8.0,ICT_STRUCTURE,293.68607142857144,3.2776392447101377
2026-04-02T14:00:00+00:00,SPY,SHORT,0.5,2.3039,B,5.0,ICT_STRUCTURE,650.8807142857142,2.022962258166839
2026-04-02T14:00:00+00:00,QQQ,SHORT,0.5,3.1188,B,5.0,ICT_STRUCTURE,579.4219642857144,2.397628135878083
2026-04-02T14:00:00+00:00,NVDA,SHORT,0.5,1.1529,B,5.0,ICT_STRUCTURE,174.30482142857142,2.1246929709955666
2026-04-02T14:00:00+00:00,TSLA,LONG,0.5,-0.2294,B,5.0,ICT_STRUCTURE,361.7919642857143,0.9165455195037086
2026-04-02T14:00:00+00:00,GLD,SHORT,0.5,3.2124,B,5.0,ICT_STRUCTURE,426.33375,2.66177820885872
2026-04-02T14:00:00+00:00,SLV,SHORT,0.5,-0.0153,C,3.5,ICT_STRUCTURE,64.79339285714286,0.9704737295434989
2026-04-02T14:00:00+00:00,AAPL,SHORT,0.5,0.329,B,5.0,ICT_STRUCTURE,252.9519642857143,1.2732369299221387
2026-04-02T14:00:00+00:00,MSFT,SHORT,0.5,0.2805,B,5.0,ICT_STRUCTURE,366.68142857142857,1.1727000879507643
2026-04-02T14:00:00+00:00,AMZN,SHORT,0.5,-0.0192,B,5.0,ICT_STRUCTURE,207.28035714285716,0.9880599001663869
2026-04-02T14:00:00+00:00,GOOGL,SHORT,0.5,3.635,B,5.0,ICT_STRUCTURE,292.3964285714286,2.784681746449252
2026-04-03T09:30:00+00:00,SPY,SHORT,0.5,2.9435,B,5.0,ICT_STRUCTURE,652.0428571428571,2.5144689452407105
2026-04-03T09:30:00+00:00,QQQ,SHORT,0.5,3.782,B,5.0,ICT_STRUCTURE,580.6814285714287,2.8775709219858903
2026-04-03T09:30:00+00:00,NVDA,SHORT,0.5,1.8155,A,7.0,ICT_STRUCTURE,175.48357142857142,2.9935294117647144
2026-04-03T09:30:00+00:00,TSLA,LONG,0.5,1.6952,A,7.0,ICT_STRUCTURE,356.4757142857143,1.7428137715179841
2026-04-03T09:30:00+00:00,GLD,SHORT,0.5,2.226,C,3.5,ICT_STRUCTURE,425.41857142857145,2.180473484848501
2026-04-03T09:30:00+00:00,SLV,SHORT,0.5,-0.0528,C,3.5,ICT_STRUCTURE,64.96303571428571,0.8972074421839574
2026-04-03T09:30:00+00:00,AAPL,SHORT,0.5,0.5898,B,5.0,ICT_STRUCTURE,253.6625,1.5295622895622987
2026-04-03T09:30:00+00:00,MSFT,SHORT,0.5,2.2551,A,7.0,ICT_STRUCTURE,370.6894642857143,2.599080721747395
2026-04-03T09:30:00+00:00,AMZN,SHORT,0.5,-0.226,B,5.0,ICT_STRUCTURE,206.89124999999999,0.8355798090040911
2026-04-03T09:30:00+00:00,GOOGL,SHORT,0.5,3.3074,B,5.0,ICT_STRUCTURE,292.08714285714285,2.8385229303156727
2026-04-03T14:00:00+00:00,SPY,SHORT,0.5,2.9435,B,5.0,ICT_STRUCTURE,652.0428571428571,2.5144689452406817
2026-04-03T14:00:00+00:00,QQQ,SHORT,0.5,3.782,B,5.0,ICT_STRUCTURE,580.6814285714287,2.8775709219858903
2026-04-03T14:00:00+00:00,NVDA,SHORT,0.5,1.8155,A,7.0,ICT_STRUCTURE,175.48357142857142,2.9935294117647144
2026-04-03T14:00:00+00:00,TSLA,LONG,0.5,1.6952,A,7.0,ICT_STRUCTURE,356.4757142857143,1.7428137715179841
2026-04-03T14:00:00+00:00,GLD,SHORT,0.5,2.226,C,3.5,ICT_STRUCTURE,425.41857142857145,2.180473484848501
2026-04-03T14:00:00+00:00,SLV,SHORT,0.5,-0.0528,C,3.5,ICT_STRUCTURE,64.96303571428571,0.8972074421839574
2026-04-03T14:00:00+00:00,AAPL,SHORT,0.5,0.5898,B,5.0,ICT_STRUCTURE,253.6625,1.5295622895622858
2026-04-03T14:00:00+00:00,MSFT,SHORT,0.5,2.2551,A,7.0,ICT_STRUCTURE,370.6894642857143,2.599080721747395
2026-04-03T14:00:00+00:00,AMZN,SHORT,0.5,-0.226,B,5.0,ICT_STRUCTURE,206.89124999999999,0.8355798090040911
2026-04-03T14:00:00+00:00,GOOGL,SHORT,0.5,3.3074,B,5.0,ICT_STRUCTURE,292.08714285714285,2.8385229303156727
2026-04-06T09:30:00+00:00,SPY,SHORT,0.5,2.9435,B,5.0,ICT_STRUCTURE,652.0428571428571,2.5144689452407105
2026-04-06T09:30:00+00:00,QQQ,SHORT,0.5,3.782,B,5.0,ICT_STRUCTURE,580.6814285714287,2.8775709219858903
2026-04-06T09:30:00+00:00,NVDA,SHORT,0.5,1.8155,A,7.0,ICT_STRUCTURE,175.48357142857142,2.9935294117647144
2026-04-06T09:30:00+00:00,TSLA,LONG,0.5,1.6952,A,7.0,ICT_STRUCTURE,356.4757142857143,1.7428137715179965
2026-04-06T09:30:00+00:00,GLD,SHORT,0.5,2.226,C,3.5,ICT_STRUCTURE,425.41857142857145,2.180473484848516
2026-04-06T09:30:00+00:00,SLV,SHORT,0.5,-0.0528,C,3.5,ICT_STRUCTURE,64.96303571428571,0.8972074421839574
2026-04-06T09:30:00+00:00,AAPL,SHORT,0.5,0.5898,B,5.0,ICT_STRUCTURE,253.6625,1.5295622895622858
2026-04-06T09:30:00+00:00,MSFT,SHORT,0.5,2.2551,A,7.0,ICT_STRUCTURE,370.6894642857143,2.599080721747375
2026-04-06T09:30:00+00:00,AMZN,SHORT,0.5,-0.226,B,5.0,ICT_STRUCTURE,206.89124999999999,0.8355798090040911
2026-04-06T09:30:00+00:00,GOOGL,SHORT,0.5,3.3074,B,5.0,ICT_STRUCTURE,292.08714285714285,2.8385229303156727
2026-04-06T14:00:00+00:00,SPY,SHORT,0.5,3.5291,A,7.0,ICT_STRUCTURE,653.5885714285714,2.7999234972677614
2026-04-06T14:00:00+00:00,QQQ,SHORT,0.5,4.5808,A,7.0,ICT_STRUCTURE,582.94625,3.179375557537941
2026-04-06T14:00:00+00:00,NVDA,SHORT,0.5,1.3265,B,5.0,ICT_STRUCTURE,174.59232142857144,2.328052203450436
2026-04-06T14:00:00+00:00,TSLA,LONG,0.5,3.2766,A,7.0,ICT_STRUCTURE,350.26232142857145,2.209599525363396
2026-04-06T14:00:00+00:00,GLD,SHORT,0.5,2.4131,C,3.5,ICT_STRUCTURE,426.54499999999996,2.2519584954604377
2026-04-06T14:00:00+00:00,SLV,SHORT,0.5,-0.2154,C,3.5,ICT_STRUCTURE,64.91232142857143,0.5907786259541933
2026-04-06T14:00:00+00:00,AAPL,SHORT,0.5,2.2799,A,7.0,ICT_STRUCTURE,257.27464285714285,2.7237154043472462
2026-04-06T14:00:00+00:00,MSFT,SHORT,0.5,1.3186,A,7.0,ICT_STRUCTURE,368.8141071428571,1.8200233216724864
2026-04-06T14:00:00+00:00,AMZN,SHORT,0.5,1.0535,B,5.0,ICT_STRUCTURE,209.485,1.7891760299625479
2026-04-06T14:00:00+00:00,GOOGL,SHORT,0.5,4.3169,B,5.0,ICT_STRUCTURE,294.48071428571427,3.7371376811594312
2026-04-07T09:30:00+00:00,SPY,SHORT,0.5,4.0051,B,5.0,ICT_STRUCTURE,656.1821428571428,4.071542043275804
2026-04-07T09:30:00+00:00,QQQ,SHORT,0.5,4.5663,B,5.0,ICT_STRUCTURE,585.0235714285715,3.9782762636850983
2026-04-07T09:30:00+00:00,NVDA,SHORT,0.5,1.6672,B,5.0,ICT_STRUCTURE,175.82160714285715,3.02282309608927
2026-04-07T09:30:00+00:00,TSLA,LONG,0.5,3.3561,A,8.0,ICT_STRUCTURE,347.18017857142854,2.2050976243147025
2026-04-07T09:30:00+00:00,GLD,SHORT,0.5,-0.1089,C,3.5,ICT_STRUCTURE,424.145,0.9330875576036821
2026-04-07T09:30:00+00:00,SLV,SHORT,0.5,-0.2568,B,5.0,ICT_STRUCTURE,65.33160714285714,0.2537795071335943
2026-04-07T09:30:00+00:00,AAPL,SHORT,0.5,1.4071,B,5.0,ICT_STRUCTURE,256.0725,2.0059696157283327
2026-04-07T09:30:00+00:00,MSFT,SHORT,0.5,1.2702,B,5.0,ICT_STRUCTURE,369.2217857142857,1.7200202449640685
2026-04-07T09:30:00+00:00,AMZN,SHORT,0.5,1.4602,B,5.0,ICT_STRUCTURE,210.39339285714286,2.23144040358407
2026-04-07T09:30:00+00:00,GOOGL,SHORT,0.5,5.2568,A,7.0,ICT_STRUCTURE,297.38642857142855,5.038117969821691
2026-04-07T14:00:00+00:00,SPY,SHORT,0.5,0.2966,A,7.0,ICT_STRUCTURE,649.6469642857143,1.2001880310974535
2026-04-07T14:00:00+00:00,QQQ,SHORT,0.5,-0.0691,A,6.5,ICT_STRUCTURE,576.8355357142857,0.9567488400693108
2026-04-07T14:00:00+00:00,NVDA,SHORT,0.5,-0.0049,A,7.0,ICT_STRUCTURE,172.81982142857143,0.9931865123802422
2026-04-07T14:00:00+00:00,TSLA,LONG,0.5,9.7046,A,7.0,ICT_STRUCTURE,333.36285714285714,4.602866613630344
2026-04-07T14:00:00+00:00,GLD,LONG,0.5,-1.264,A,7.0,ICT_STRUCTURE,422.64232142857145,0.08985920925746865
2026-04-07T14:00:00+00:00,SLV,LONG,0.5,0.5899,A,7.0,ICT_STRUCTURE,63.135,2.4840251572327103
2026-04-07T14:00:00+00:00,AAPL,LONG,0.5,1.8385,A,7.0,ICT_STRUCTURE,243.025,2.1842190016103165
2026-04-07T14:00:00+00:00,MSFT,SHORT,0.5,-1.3478,A,6.5,ICT_STRUCTURE,364.4328571428572,0.07912152269398277
2026-04-07T14:00:00+00:00,AMZN,SHORT,0.5,0.1541,B,6.0,ICT_STRUCTURE,207.73660714285714,1.1569258753979121
2026-04-07T14:00:00+00:00,GOOGL,SHORT,0.5,4.8804,A,7.0,ICT_STRUCTURE,297.24767857142854,4.520796135265696
2026-04-08T09:30:00+00:00,SPY,SHORT,0.5,2.1493,A,7.0,ICT_STRUCTURE,655.7858928571429,2.08712098631625
2026-04-08T09:30:00+00:00,QQQ,SHORT,0.5,2.4504,A,7.0,ICT_STRUCTURE,584.4716071428572,2.1590236074158984
2026-04-08T09:30:00+00:00,NVDA,SHORT,0.5,1.2504,A,7.0,ICT_STRUCTURE,176.31285714285713,2.556026666666677
2026-04-08T09:30:00+00:00,TSLA,LONG,0.5,4.1427,B,5.0,ICT_STRUCTURE,340.17928571428575,2.2764982942665406
2026-04-08T09:30:00+00:00,GLD,SHORT,0.5,1.3687,A,7.0,ICT_STRUCTURE,430.22964285714284,1.9438295776382513
2026-04-08T09:30:00+00:00,SLV,LONG,0.5,-0.4188,C,4.5,ICT_STRUCTURE,64.97089285714286,0.1357950985811743
2026-04-08T09:30:00+00:00,AAPL,SHORT,0.5,-1.5305,C,3.5,ICT_STRUCTURE,249.5219642857143,0.15163375402128965
2026-04-08T09:30:00+00:00,MSFT,SHORT,0.5,0.3233,B,5.0,ICT_STRUCTURE,369.19142857142856,1.2261719140429903
2026-04-08T09:30:00+00:00,AMZN,SHORT,0.5,1.8737,A,7.0,ICT_STRUCTURE,211.4817857142857,2.6095965638901855
2026-04-08T09:30:00+00:00,GOOGL,SHORT,0.5,6.0835,A,7.0,ICT_STRUCTURE,301.97607142857146,4.45270092226617
2026-04-08T14:00:00+00:00,SPY,SHORT,0.5,7.3644,A,8.0,ICT_STRUCTURE,668.5712500000001,4.442302074203983
2026-04-08T14:00:00+00:00,QQQ,SHORT,0.5,8.452,A,8.0,ICT_STRUCTURE,599.2423214285714,4.804916596326202
2026-04-08T14:00:00+00:00,NVDA,SHORT,0.5,2.1204,A,8.0,ICT_STRUCTURE,178.98267857142855,3.2293175631277773
2026-04-08T14:00:00+00:00,TSLA,LONG,0.5,2.8866,B,5.0,ICT_STRUCTURE,341.49589285714285,1.8447618301063406
2026-04-08T14:00:00+00:00,GLD,SHORT,0.5,1.2555,A,7.0,ICT_STRUCTURE,431.2625,1.6903367697594505
2026-04-08T14:00:00+00:00,SLV,SHORT,0.5,0.1006,A,8.0,ICT_STRUCTURE,66.57553571428572,1.1698115483190075
2026-04-08T14:00:00+00:00,AAPL,SHORT,0.5,1.1575,A,7.0,ICT_STRUCTURE,255.3244642857143,1.6566276655016998
2026-04-08T14:00:00+00:00,MSFT,SHORT,0.5,2.7926,A,7.0,ICT_STRUCTURE,374.7664285714286,2.6078922475838273
2026-04-08T14:00:00+00:00,AMZN,SHORT,0.5,4.5764,A,8.0,ICT_STRUCTURE,218.07357142857143,4.498230958230954
2026-04-08T14:00:00+00:00,GOOGL,SHORT,0.5,10.0739,A,8.0,ICT_STRUCTURE,312.29535714285714,6.35898166619171
2026-04-09T09:30:00+00:00,SPY,SHORT,0.5,6.7551,B,5.0,ICT_STRUCTURE,671.8919642857143,4.280754520619225
2026-04-09T09:30:00+00:00,QQQ,SHORT,0.5,6.4859,B,5.0,ICT_STRUCTURE,600.3776785714285,3.8185511969890875
2026-04-09T09:30:00+00:00,NVDA,SHORT,0.5,1.7373,B,5.0,ICT_STRUCTURE,180.09910714285715,3.007349633756339
2026-04-09T09:30:00+00:00,TSLA,LONG,0.5,4.9244,B,5.0,MAX_RISK_CAP,335.65,2.4378832116788156
2026-04-09T09:30:00+00:00,GLD,SHORT,0.5,-0.1917,B,5.0,ICT_STRUCTURE,430.3328571428571,0.9084237461617019
2026-04-09T09:30:00+00:00,SLV,SHORT,0.5,-0.2672,B,5.0,ICT_STRUCTURE,66.12178571428572,0.5613954851949642
2026-04-09T09:30:00+00:00,AAPL,SHORT,0.5,1.0455,B,5.0,ICT_STRUCTURE,256.3655357142857,1.834883422459889
2026-04-09T09:30:00+00:00,MSFT,SHORT,0.5,-0.2971,C,4.5,ICT_STRUCTURE,370.165,0.854920634920622
2026-04-09T09:30:00+00:00,AMZN,SHORT,0.5,3.7679,B,6.0,ICT_STRUCTURE,218.56732142857143,3.727686639519111
2026-04-09T09:30:00+00:00,GOOGL,SHORT,0.5,8.5229,B,5.0,ICT_STRUCTURE,313.54357142857145,5.611443478260894
2026-04-09T14:00:00+00:00,SPY,SHORT,0.5,5.8564,B,5.0,ICT_STRUCTURE,671.7569642857143,4.3293761737982726
2026-04-09T14:00:00+00:00,QQQ,SHORT,0.5,5.8371,B,5.0,ICT_STRUCTURE,600.9066071428572,3.872994946165707
2026-04-09T14:00:00+00:00,NVDA,SHORT,0.5,1.7654,B,5.0,ICT_STRUCTURE,180.6319642857143,2.9054485882239756
2026-04-09T14:00:00+00:00,TSLA,LONG,0.5,4.3399,A,7.0,MAX_RISK_CAP,335.1159,2.3342837507859246
2026-04-09T14:00:00+00:00,GLD,SHORT,0.5,0.954,B,5.0,ICT_STRUCTURE,433.23464285714283,1.4426414781672134
2026-04-09T14:00:00+00:00,SLV,SHORT,0.5,-0.0702,B,5.0,ICT_STRUCTURE,66.51017857142857,0.8849655980090726
2026-04-09T14:00:00+00:00,AAPL,SHORT,0.5,0.1745,B,5.0,ICT_STRUCTURE,255.24160714285716,1.1473181029932953
2026-04-09T14:00:00+00:00,MSFT,LONG,0.5,-0.448,A,7.0,ICT_STRUCTURE,364.0842857142857,0.775218637992824
2026-04-09T14:00:00+00:00,AMZN,SHORT,0.5,6.564,A,7.0,ICT_STRUCTURE,225.1080357142857,5.119260379895785
2026-04-09T14:00:00+00:00,GOOGL,SHORT,0.5,5.7539,A,8.0,ICT_STRUCTURE,309.52946428571425,4.068298814455068
2026-04-10T09:30:00+00:00,SPY,SHORT,0.5,6.7716,A,7.0,ICT_STRUCTURE,676.7164285714285,5.86537849627917
2026-04-10T09:30:00+00:00,QQQ,SHORT,0.5,7.0315,A,7.0,ICT_STRUCTURE,606.6019642857143,5.175449870102321
2026-04-10T09:30:00+00:00,NVDA,SHORT,0.5,2.0647,A,7.0,ICT_STRUCTURE,182.48107142857143,4.280147517730491
2026-04-10T09:30:00+00:00,TSLA,LONG,0.5,2.1314,B,5.0,ICT_STRUCTURE,340.07964285714286,1.7551059657113857
2026-04-10T09:30:00+00:00,GLD,SHORT,0.5,0.5919,B,6.0,ICT_STRUCTURE,433.87142857142857,1.2938581560283524
2026-04-10T09:30:00+00:00,SLV,SHORT,0.5,0.3143,B,5.0,ICT_STRUCTURE,67.35624999999999,1.6051022864019218
2026-04-10T09:30:00+00:00,AAPL,SHORT,0.5,1.2615,A,7.0,ICT_STRUCTURE,258.3742857142857,2.2213623789764845
2026-04-10T09:30:00+00:00,MSFT,SHORT,0.5,-0.8384,C,3.5,ICT_STRUCTURE,370.0175,0.5292912280701794
2026-04-10T09:30:00+00:00,AMZN,SHORT,0.5,7.4271,A,7.0,ICT_STRUCTURE,229.82017857142858,5.004041395908559
2026-04-10T09:30:00+00:00,GOOGL,SHORT,0.5,6.2835,B,5.0,ICT_STRUCTURE,314.94107142857143,4.406672475554275
2026-04-10T14:00:00+00:00,SPY,SHORT,0.5,7.0689,A,7.0,ICT_STRUCTURE,678.7942857142857,6.553602693602724
2026-04-10T14:00:00+00:00,QQQ,SHORT,0.5,7.7643,A,7.0,ICT_STRUCTURE,609.6741071428572,6.115004999705975
2026-04-10T14:00:00+00:00,NVDA,SHORT,0.5,4.0924,A,7.0,ICT_STRUCTURE,187.14589285714285,5.719888785912891
2026-04-10T14:00:00+00:00,TSLA,LONG,0.5,0.949,B,5.0,ICT_STRUCTURE,340.8385714285714,1.3240834248078972
2026-04-10T14:00:00+00:00,GLD,SHORT,0.5,1.2851,B,5.0,ICT_STRUCTURE,435.58750000000003,1.7877701149425476
2026-04-10T14:00:00+00:00,SLV,SHORT,0.5,0.649,A,7.0,ICT_STRUCTURE,68.03946428571429,2.271846019247595
2026-04-10T14:00:00+00:00,AAPL,SHORT,0.5,1.7548,A,7.0,ICT_STRUCTURE,259.65142857142854,2.7131589958158835
2026-04-10T14:00:00+00:00,MSFT,SHORT,0.5,-1.6873,C,3.5,ICT_STRUCTURE,368.32714285714286,0.1569379014989279
2026-04-10T14:00:00+00:00,AMZN,SHORT,0.5,9.631,A,7.0,ICT_STRUCTURE,235.53875,6.4240197113692385
2026-04-10T14:00:00+00:00,GOOGL,SHORT,0.5,6.0843,A,7.0,ICT_STRUCTURE,316.08196428571426,4.853238337574207
