name,verdict,family,train_sharpe,full_sharpe,holdout_sharpe,n_trades,perm_p,dsr_prob,bh_survives,description
cluster2_short,VALID_EDGE,cluster,0.256,0.269,0.314,104,0.011,1.0,True,"KMeans cluster 2 (train fwd-return -), k=6"
bb_fade,NOT_SIGNIFICANT,rule,0.258,0.214,-0.197,560,0.008,1.0,True,Bollinger fade (mean-revert)
cluster4_long,NOT_SIGNIFICANT,cluster,0.146,0.154,0.083,96,0.0689,1.0,False,"KMeans cluster 4 (train fwd-return +), k=6"
rsi_meanrevert,NOT_SIGNIFICANT,rule,-0.004,0.018,0.129,324,0.1998,0.2076,False,Mean-revert RSI extremes
rsi_trend_combo,NOT_SIGNIFICANT,rule,0.126,-0.042,-1.356,543,0.2468,0.0,False,RSI pullback in uptrend
lowvol_trend,NOT_SIGNIFICANT,rule,-0.017,-0.177,-0.807,1091,0.3197,0.0,False,Low-vol expansion: enter trend when vol compressed
long_only_regime,SCREENED_OUT,rule,-0.023,0.0,0.0,542,,,,Long-only above 200-SMA
macd_cross,SCREENED_OUT,rule,-0.062,0.0,0.0,1682,,,,MACD histogram sign
trend_filtered,SCREENED_OUT,rule,-0.088,0.0,0.0,1046,,,,Trend-follow gated by 200-SMA regime
attention_accel_trend,SCREENED_OUT,rule,-0.108,0.0,0.0,576,,,,Attention burst (range accel z>1) + follow the 5-bar move
trend_mom20,SCREENED_OUT,rule,-0.125,0.0,0.0,1819,,,,Trend-follow: 20-bar momentum sign
mtf_align,SCREENED_OUT,rule,-0.19,0.0,0.0,844,,,,Multi-timeframe alignment (price vs 50 vs 200)
attention_decay_trend,SCREENED_OUT,rule,-0.204,0.0,0.0,506,,,,Attention leaving (range accel z<-1) + follow the 20-bar trend
sma50_dist,SCREENED_OUT,rule,-0.33,0.0,0.0,1690,,,,Distance from 50-SMA momentum
quarter_end_long,SCREENED_OUT,rule,-0.336,0.0,0.0,92,,,,Quarter-end rebalancing drift (long)
adx_trend,SCREENED_OUT,rule,-0.345,0.0,0.0,652,,,,ADX-confirmed momentum
bb_breakout,SCREENED_OUT,rule,-0.351,0.0,0.0,374,,,,Bollinger breakout (momentum)
hurst_trend,SCREENED_OUT,rule,-0.364,0.0,0.0,519,,,,Trend-follow only in trending regime (Hurst>0.55)
attention_accel_fade,SCREENED_OUT,rule,-0.387,0.0,0.0,639,,,,Attention burst (range accel z>1) + fade the 5-bar move
hurst_revert,SCREENED_OUT,rule,-0.963,0.0,0.0,61,,,,Mean-revert only in reverting regime (Hurst<0.45)
