pair,entry_date,exit_date,direction,entry,exit,pnl_pct,risk_pct,risk_adjusted_pnl_pct,hold_days,exit_reason,units
EURUSD=X,2015-04-03 00:00:00,2015-04-09 00:00:00,1,1.0870983600616455,1.078527569770813,-0.008334649596882942,0.0075,-6.250987197662206e-05,5,trailing_stop,1
EURUSD=X,2016-01-05 00:00:00,2016-01-05 00:00:00,-1,1.082602620124817,1.0827549695968628,-0.0003342323175297065,0.0075,-2.5067423814727985e-06,1,reversal,1
EURUSD=X,2016-01-06 00:00:00,2016-01-15 00:00:00,1,1.0751993656158447,1.085894227027893,0.009292358415700749,0.0075,6.969268811775562e-05,8,time,1
EURUSD=X,2016-02-03 00:00:00,2016-02-09 00:00:00,1,1.0922038555145264,1.1189812421798706,0.023998107097918865,0.0075,0.00017998580323439148,5,time,1
EURUSD=X,2016-03-03 00:00:00,2016-03-09 00:00:00,1,1.0870037078857422,1.1004005670547485,0.011808802575607838,0.0075,8.856601931705878e-05,5,time,1
EURUSD=X,2016-04-05 00:00:00,2016-04-14 00:00:00,-1,1.1387057304382324,1.1279042959213257,0.009258019119682688,0.0075,6.943514339762016e-05,8,time,1
EURUSD=X,2016-05-03 00:00:00,2016-05-09 00:00:00,1,1.1526048183441162,1.1387965679168701,-0.012506435507415994,0.0075,-9.379826630561996e-05,5,trailing_stop,1
EURUSD=X,2016-06-03 00:00:00,2016-06-09 00:00:00,1,1.1153992414474487,1.140706181526184,0.022154580728940512,0.0075,0.00016615935546705383,5,time,1
EURUSD=X,2016-07-05 00:00:00,2016-07-11 00:00:00,1,1.1145538091659546,1.1043988466262817,-0.009647392109783444,0.0075,-7.235544082337583e-05,5,time,1
EURUSD=X,2016-08-03 00:00:00,2016-08-08 00:00:00,1,1.1218559741973877,1.1089547872543335,-0.01188306777779729,0.0075,-8.912300833347968e-05,4,trailing_stop,1
EURUSD=X,2016-09-05 00:00:00,2016-09-07 00:00:00,-1,1.116071343421936,1.1253657341003418,-0.008520125381813825,0.0075,-6.390094036360368e-05,3,trailing_stop,1
EURUSD=X,2016-10-04 00:00:00,2016-10-10 00:00:00,-1,1.1213276386260986,1.1196954250335693,0.0012465631654758303,0.0075,9.349223741068727e-06,5,time,1
EURUSD=X,2016-12-05 00:00:00,2016-12-06 00:00:00,-1,1.0570825338363647,1.0757315158843994,-0.017832231534690348,0.0075,-0.0001337417365101776,2,stop,1
EURUSD=X,2017-01-03 00:00:00,2017-01-03 00:00:00,-1,1.0459157228469849,1.0460032224655151,-0.00027542632426620693,0.0075,-2.0656974319965517e-06,1,reversal,1
EURUSD=X,2017-01-04 00:00:00,2017-01-13 00:00:00,1,1.0418403148651123,1.0616837739944458,0.018303892731747377,0.0075,0.00013727919548810533,8,time,1
EURUSD=X,2017-02-03 00:00:00,2017-02-09 00:00:00,-1,1.0763335227966309,1.0692213773727417,0.006441114477826226,0.0075,4.830835858369669e-05,5,time,1
EURUSD=X,2017-03-03 00:00:00,2017-03-06 00:00:00,-1,1.0508506298065186,1.062044620513916,-0.010830033106146003,0.0075,-8.122524829609501e-05,2,trailing_stop,1
EURUSD=X,2017-04-04 00:00:00,2017-04-10 00:00:00,-1,1.0670194625854492,1.0582010746002197,0.00812117686609583,0.0075,6.090882649571872e-05,5,time,1
EURUSD=X,2017-05-03 00:00:00,2017-05-09 00:00:00,-1,1.0935654640197754,1.0927767753601074,0.0006054437440470595,0.0075,4.540828080352946e-06,5,time,1
EURUSD=X,2017-06-05 00:00:00,2017-06-09 00:00:00,-1,1.127548336982727,1.1184805631637573,0.007956705495615604,0.0075,5.9675291217117024e-05,5,time,1
EURUSD=X,2017-07-04 00:00:00,2017-07-10 00:00:00,-1,1.1375269889831543,1.140380859375,-0.0025926027313422475,0.0075,-1.9444520485066856e-05,5,time,1
EURUSD=X,2017-08-03 00:00:00,2017-08-09 00:00:00,-1,1.1851431131362915,1.1754610538482666,0.008115840031139993,0.0075,6.0868800233549944e-05,5,time,1
EURUSD=X,2017-09-05 00:00:00,2017-09-08 00:00:00,-1,1.18944251537323,1.2029062509536743,-0.011422854811952767,0.0075,-8.567141108964575e-05,4,trailing_stop,1
EURUSD=X,2017-10-03 00:00:00,2017-10-09 00:00:00,-1,1.1733232736587524,1.1742464303970337,-0.0008440933785726721,0.0075,-6.33070033929504e-06,5,time,1
EURUSD=X,2018-01-03 00:00:00,2018-01-09 00:00:00,1,1.2061998844146729,1.1970456838607788,-0.008307428626408528,0.0075,-6.230571469806396e-05,5,trailing_stop,1
EURUSD=X,2018-02-05 00:00:00,2018-02-08 00:00:00,1,1.2447099685668945,1.2268133163452148,-0.01485556288727541,0.0075,-0.00011141672165456558,4,trailing_stop,1
EURUSD=X,2018-05-03 00:00:00,2018-05-09 00:00:00,-1,1.1951714754104614,1.1867886781692505,0.007065176770305802,0.0075,5.298882577729351e-05,5,time,1
EURUSD=X,2018-06-05 00:00:00,2018-06-11 00:00:00,-1,1.1701792478561401,1.1783976554870605,-0.006952474199157879,0.0075,-5.2143556493684086e-05,5,time,1
EURUSD=X,2018-07-03 00:00:00,2018-07-03 00:00:00,-1,1.1640766859054565,1.1642121076583862,-0.00025362348671412416,0.0075,-1.9021761503559311e-06,1,reversal,1
EURUSD=X,2018-07-04 00:00:00,2018-07-13 00:00:00,1,1.16593599319458,1.1665889024734497,-0.0005129186259704287,0.0075,-3.846889694778215e-06,8,time,1
EURUSD=X,2018-08-03 00:00:00,2018-08-09 00:00:00,-1,1.1585606336593628,1.1610760688781738,-0.002084896585791326,0.0075,-1.5636724393434947e-05,5,time,1
EURUSD=X,2018-09-04 00:00:00,2018-09-10 00:00:00,-1,1.16130530834198,1.1561094522476196,0.004560835788083652,0.0075,3.420626841062739e-05,5,time,1
EURUSD=X,2018-10-02 00:00:00,2018-10-12 00:00:00,-1,1.157755732536316,1.1590440273284912,-0.000794266948812122,0.0075,-5.957002116090915e-06,9,trailing_stop,1
EURUSD=X,2018-11-02 00:00:00,2018-11-19 00:00:00,-1,1.1402769088745117,1.141396164894104,-0.0004380569840934618,0.0075,-3.2854273807009635e-06,12,trailing_stop,1
EURUSD=X,2018-12-04 00:00:00,2018-12-10 00:00:00,-1,1.135589361190796,1.1400948762893677,-0.0038291560832249046,0.0075,-2.8718670624186783e-05,5,time,1
EURUSD=X,2019-01-02 00:00:00,2019-01-02 00:00:00,-1,1.1461317539215088,1.14617121219635,-0.00015851639523461051,0.0075,-1.1888729642595789e-06,1,reversal,1
EURUSD=X,2019-01-03 00:00:00,2019-01-09 00:00:00,1,1.131733775138855,1.1456066370010376,0.011339149399002013,0.0075,8.50436204925151e-05,5,time,1
EURUSD=X,2019-02-04 00:00:00,2019-02-04 00:00:00,-1,1.1457247734069824,1.1455278396606445,4.773470215098004e-05,0.0075,3.580102661323503e-07,1,reversal,1
EURUSD=X,2019-02-05 00:00:00,2019-02-08 00:00:00,1,1.14357590675354,1.1338768005371094,-0.009080383438437716,0.0075,-6.810287578828287e-05,4,trailing_stop,1
EURUSD=X,2019-03-04 00:00:00,2019-03-04 00:00:00,-1,1.1375269889831543,1.1375917196273804,-0.00018203978341414193,0.0075,-1.3652983756060644e-06,1,reversal,1
EURUSD=X,2019-03-05 00:00:00,2019-03-08 00:00:00,1,1.133825421333313,1.1198333501815796,-0.012942186387363153,0.0075,-9.706639790522364e-05,4,stop,1
EURUSD=X,2019-04-02 00:00:00,2019-04-11 00:00:00,-1,1.1205987930297852,1.1276500225067139,-0.005961263437089721,0.0075,-4.4709475778172903e-05,8,trailing_stop,1
EURUSD=X,2019-05-02 00:00:00,2019-05-02 00:00:00,-1,1.1201846599578857,1.1200841665267944,-3.869351858382881e-05,0.0075,-2.9020138937871605e-07,1,reversal,1
EURUSD=X,2019-05-03 00:00:00,2019-05-09 00:00:00,1,1.1172560453414917,1.1198333501815796,0.0013875326747635874,0.0075,1.0406495060726905e-05,5,time,1
EURUSD=X,2019-06-04 00:00:00,2019-06-10 00:00:00,-1,1.1245558261871338,1.1320157051086426,-0.006460511672215728,0.0075,-4.845383754161796e-05,5,trailing_stop,1
EURUSD=X,2019-07-03 00:00:00,2019-07-09 00:00:00,1,1.1290887594223022,1.121604323387146,-0.007548065961243252,0.0075,-5.661049470932439e-05,5,time,1
EURUSD=X,2019-08-05 00:00:00,2019-08-15 00:00:00,1,1.1107407808303833,1.1143302917480469,0.001966645401247644,0.0075,1.4749840509357329e-05,9,trailing_stop,1
EURUSD=X,2019-10-07 00:00:00,2019-10-24 00:00:00,1,1.098659634590149,1.1132385730743408,0.011410997487345238,0.0075,8.558248115508928e-05,14,time,1
EURUSD=X,2019-11-05 00:00:00,2019-11-08 00:00:00,1,1.1128298044204712,1.1019697189331055,-0.01028062132193887,0.0075,-7.710465991454152e-05,4,stop,1
EURUSD=X,2019-12-03 00:00:00,2019-12-09 00:00:00,1,1.1076037883758545,1.105888843536377,-0.002327263973813821,0.0075,-1.7454479803603657e-05,5,time,1
EURUSD=X,2020-01-03 00:00:00,2020-01-09 00:00:00,-1,1.1170812845230103,1.1113210916519165,0.005186470176593293,0.0075,3.88985263244497e-05,5,time,1
EURUSD=X,2020-02-04 00:00:00,2020-02-10 00:00:00,-1,1.1062926054000854,1.0949305295944214,0.010298664538349727,0.0075,7.723998403762295e-05,5,time,1
EURUSD=X,2020-03-04 00:00:00,2020-03-13 00:00:00,1,1.1177304983139038,1.1184931993484497,-0.0003513627582449445,0.0075,-2.6352206868370838e-06,8,trailing_stop,1
EURUSD=X,2020-04-03 00:00:00,2020-04-22 00:00:00,1,1.084386944770813,1.0856467485427856,0.00017842577904838642,0.0075,1.338193342862898e-06,14,trailing_stop,1
EURUSD=X,2020-05-05 00:00:00,2020-05-11 00:00:00,1,1.090453028678894,1.0839520692825317,-0.006455800053503985,0.0075,-4.841850040127989e-05,5,time,1
EURUSD=X,2021-04-05 00:00:00,2021-04-09 00:00:00,1,1.1766366958618164,1.1915684938430786,0.012205739981981639,0.0075,9.154304986486228e-05,5,time,1
EURUSD=X,2021-06-02 00:00:00,2021-06-02 00:00:00,1,1.2218068838119507,1.2217769622802734,-0.00023338704457784006,0.0075,-1.7504028343338003e-06,1,reversal,1
EURUSD=X,2021-06-03 00:00:00,2021-06-09 00:00:00,-1,1.2211503982543945,1.217285394668579,0.0029283945406261627,0.0075,2.1962959054696218e-05,5,time,1
EURUSD=X,2021-07-02 00:00:00,2021-07-02 00:00:00,1,1.184707760810852,1.1846235990524292,-0.00028561152960343176,0.0075,-2.142086472025738e-06,1,reversal,1
EURUSD=X,2021-07-05 00:00:00,2021-07-09 00:00:00,-1,1.1855926513671875,1.184800386428833,0.000430510700142965,0.0075,3.228830251072237e-06,5,time,1
EURUSD=X,2021-09-03 00:00:00,2021-09-09 00:00:00,-1,1.1874228715896606,1.1819101572036743,0.004401278631229573,0.0075,3.300958973422179e-05,5,time,1
EURUSD=X,2021-11-03 00:00:00,2021-11-09 00:00:00,-1,1.158077597618103,1.159151554107666,-0.0011729381349684016,0.0075,-8.797036012263012e-06,5,time,1
EURUSD=X,2022-01-04 00:00:00,2022-01-10 00:00:00,-1,1.1301988363265991,1.1353960037231445,-0.004848290757248029,0.0075,-3.6362180679360215e-05,5,time,1
EURUSD=X,2022-03-03 00:00:00,2022-03-09 00:00:00,-1,1.1113580465316772,1.0898232460021973,0.019147191073471143,0.0075,0.00014360393305103356,5,time,1
EURUSD=X,2022-05-03 00:00:00,2022-05-18 00:00:00,-1,1.0509058237075806,1.0547856092453003,-0.00393914723880421,0.0075,-2.9543604291031576e-05,12,trailing_stop,1
EURUSD=X,2022-06-03 00:00:00,2022-06-23 00:00:00,-1,1.0751069784164429,1.0564124584197998,0.01763399959462696,0.0075,0.00013225499695970218,15,trailing_stop,1
EURUSD=X,2022-07-04 00:00:00,2022-07-04 00:00:00,-1,1.0433948040008545,1.0433948040008545,-0.00015825733976256595,0.0075,-1.1869300482192447e-06,1,reversal,1
EURUSD=X,2022-07-05 00:00:00,2022-07-05 00:00:00,1,1.0433186292648315,1.0433186292648315,-0.0002807370882651746,0.0075,-2.1055281619888093e-06,1,reversal,1
EURUSD=X,2022-07-06 00:00:00,2022-07-20 00:00:00,-1,1.0257673263549805,1.0231330394744873,0.0028745073357613494,0.0075,2.155880501821012e-05,11,trailing_stop,1
EURUSD=X,2022-07-29 00:00:00,2022-08-02 00:00:00,1,1.0192328691482544,1.0261356830596924,0.006350304777975847,0.0075,4.762728583481885e-05,3,reversal,1
EURUSD=X,2022-08-03 00:00:00,2022-08-11 00:00:00,-1,1.015568733215332,1.0300782918930054,-0.014146251989235581,0.0075,-0.00010609688991926685,7,trailing_stop,1
EURUSD=X,2022-09-02 00:00:00,2022-09-05 00:00:00,-1,0.995232880115509,0.9909427762031555,0.0041973665555220105,0.0075,3.148024916641508e-05,2,reversal,1
EURUSD=X,2022-09-06 00:00:00,2022-09-21 00:00:00,1,0.9952229857444763,0.997078537940979,7.226587705123715e-05,0.0075,5.419940778842786e-07,12,trailing_stop,1
EURUSD=X,2022-10-04 00:00:00,2022-10-10 00:00:00,-1,0.9832068681716919,0.9735012650489807,0.009830972121649703,0.0075,7.373229091237277e-05,5,time,1
EURUSD=X,2022-11-02 00:00:00,2022-11-03 00:00:00,-1,0.9877909421920776,0.9814409017562866,0.006298383464631448,0.0075,4.723787598473586e-05,2,reversal,1
EURUSD=X,2022-11-04 00:00:00,2022-12-01 00:00:00,1,0.9749630093574524,1.042535424232483,0.06653267136802342,0.0075,0.0004989950352601757,20,time,1
EURUSD=X,2022-12-06 00:00:00,2022-12-23 00:00:00,1,1.0496923923492432,1.060333013534546,0.0081364996172969,0.0075,6.102374712972675e-05,14,time,1
EURUSD=X,2022-12-27 00:00:00,2023-01-02 00:00:00,1,1.064022183418274,1.0709733963012695,0.005737047397312499,0.0075,4.302785547984374e-05,5,reversal,1
EURUSD=X,2023-01-03 00:00:00,2023-01-04 00:00:00,-1,1.0677714347839355,1.0546854734420776,0.01213055534833444,0.0075,9.09791651125083e-05,2,reversal,1
EURUSD=X,2023-01-05 00:00:00,2023-01-25 00:00:00,1,1.0606365203857422,1.088814616203308,0.024554754296146,0.0075,0.000184160657221095,15,time,1
EURUSD=X,2023-05-02 00:00:00,2023-05-02 00:00:00,-1,1.0969241857528687,1.0969241857528687,-0.00015219102013485524,0.0075,-1.1414326510114144e-06,1,reversal,1
EURUSD=X,2023-05-03 00:00:00,2023-05-09 00:00:00,1,1.1010911464691162,1.0996140241622925,-0.002123419728702774,0.0075,-1.5925647965270806e-05,5,time,1
EURUSD=X,2023-05-12 00:00:00,2023-06-01 00:00:00,-1,1.0912145376205444,1.0695186853408813,0.020188056769321602,0.0075,0.00015141042576991202,15,time,1
EURUSD=X,2023-06-05 00:00:00,2023-06-09 00:00:00,1,1.0698620080947876,1.078271746635437,0.007117478084843552,0.0075,5.338108563632664e-05,5,time,1
EURUSD=X,2023-06-23 00:00:00,2023-07-10 00:00:00,-1,1.0958904027938843,1.0969723463058472,-0.0008979926414639098,0.0075,-6.734944810979323e-06,12,trailing_stop,1
EURUSD=X,2023-08-02 00:00:00,2023-08-02 00:00:00,-1,1.1007881164550781,1.1007881164550781,-0.00016470170653130312,0.0075,-1.2352627989847734e-06,1,reversal,1
EURUSD=X,2023-08-03 00:00:00,2023-08-09 00:00:00,1,1.0944151878356934,1.0958904027938843,0.0006569829978056217,0.0075,4.927372483542163e-06,5,time,1
EURUSD=X,2023-09-05 00:00:00,2023-09-11 00:00:00,1,1.0794472694396973,1.071811318397522,-0.00776744458354613,0.0075,-5.825583437659597e-05,5,time,1
EURUSD=X,2023-10-03 00:00:00,2023-10-09 00:00:00,-1,1.0480751991271973,1.056747317314148,-0.008394195308430717,0.0075,-6.295646481323037e-05,5,time,1
EURUSD=X,2023-11-03 00:00:00,2023-11-09 00:00:00,1,1.0619093179702759,1.0710422992706299,0.007951914478129093,0.0075,5.963935858596819e-05,5,time,1
EURUSD=X,2023-12-05 00:00:00,2023-12-11 00:00:00,1,1.0837758779525757,1.0765769481658936,-0.007287266469113946,0.0075,-5.46544985183546e-05,5,time,1
EURUSD=X,2024-01-03 00:00:00,2024-01-09 00:00:00,-1,1.0941756963729858,1.095170259475708,-0.0010207881587085189,0.0075,-7.655911190313891e-06,5,time,1
EURUSD=X,2024-02-05 00:00:00,2024-02-09 00:00:00,1,1.0780043601989746,1.0777255296707153,-0.0009044563395190165,0.0075,-6.783422546392624e-06,5,time,1
EURUSD=X,2024-03-05 00:00:00,2024-03-11 00:00:00,1,1.0855170488357544,1.0942955017089844,0.007442368258977614,0.0075,5.58177619423321e-05,5,time,1
EURUSD=X,2024-04-03 00:00:00,2024-04-09 00:00:00,1,1.076855182647705,1.0863661766052246,0.008186194101800971,0.0075,6.139645576350728e-05,5,time,1
EURUSD=X,2024-05-03 00:00:00,2024-05-09 00:00:00,1,1.073306918144226,1.0746910572052002,0.000642988329126938,0.0075,4.822412468452035e-06,5,time,1
EURUSD=X,2024-06-04 00:00:00,2024-06-10 00:00:00,1,1.0907385349273682,1.0778882503509521,-0.012424905420491432,0.0075,-9.318679065368574e-05,5,stop,1
EURUSD=X,2024-06-14 00:00:00,2024-07-02 00:00:00,-1,1.0738831758499146,1.0737102031707764,0.0002635992824371882,0.0075,1.9769946182789115e-06,13,reversal,1
EURUSD=X,2024-07-03 00:00:00,2024-07-09 00:00:00,1,1.0748412609100342,1.0830950736999512,0.006984806148372229,0.0075,5.2386046112791716e-05,5,time,1
EURUSD=X,2024-09-03 00:00:00,2024-09-11 00:00:00,1,1.1067456007003784,1.1020983457565308,-0.005033161916738344,0.0075,-3.774871437553758e-05,7,trailing_stop,1
EURUSD=X,2024-09-20 00:00:00,2024-10-10 00:00:00,-1,1.1161960363388062,1.0943313837051392,0.01990990967769154,0.0075,0.00014932432258268655,15,time,1
EURUSD=X,2024-12-03 00:00:00,2024-12-09 00:00:00,1,1.0501223802566528,1.0565463304519653,0.005455099999145601,0.0075,4.091324999359201e-05,5,time,1
GBPUSD=X,2015-07-03 00:00:00,2015-07-14 00:00:00,-1,1.5610122680664062,1.548227310180664,0.007701922046924351,0.007969,6.137661679194016e-05,8,time,1
GBPUSD=X,2016-01-05 00:00:00,2016-01-05 00:00:00,-1,1.4714537858963013,1.4714103937149048,-0.00014930760588255284,0.007969,-1.1898323112780636e-06,1,reversal,1
GBPUSD=X,2016-01-06 00:00:00,2016-01-13 00:00:00,1,1.4676960706710815,1.4436262845993042,-0.016759355591726918,0.007969,-0.00013355530471047182,6,stop,1
GBPUSD=X,2016-02-03 00:00:00,2016-02-09 00:00:00,-1,1.4408599138259888,1.4436055421829224,-0.0022554624334885772,0.007969,-1.7973780132470474e-05,5,time,1
GBPUSD=X,2016-03-03 00:00:00,2016-03-09 00:00:00,-1,1.4081928730010986,1.4208581447601318,-0.00935118511265489,0.007969,-7.451959416274683e-05,5,time,1
GBPUSD=X,2016-04-05 00:00:00,2016-04-11 00:00:00,-1,1.426533579826355,1.4130080938339233,0.00912803846334647,0.007969,7.274133851440802e-05,5,time,1
GBPUSD=X,2016-05-03 00:00:00,2016-05-09 00:00:00,-1,1.4667057991027832,1.443084716796875,0.01575690153115644,0.007969,0.00012556674830178566,5,time,1
GBPUSD=X,2016-06-03 00:00:00,2016-06-09 00:00:00,-1,1.4407975673675537,1.4518423080444336,-0.008015250065619496,0.007969,-6.387352777292176e-05,5,time,1
GBPUSD=X,2016-07-05 00:00:00,2016-07-11 00:00:00,1,1.3281975984573364,1.2946157455444336,-0.025644763719005054,0.007969,-0.0002043631220767513,5,time,1
GBPUSD=X,2016-08-03 00:00:00,2016-08-09 00:00:00,-1,1.3338313102722168,1.3032373189926147,0.022580629611741905,0.007969,0.00017994503737597125,5,time,1
GBPUSD=X,2016-08-11 00:00:00,2016-08-24 00:00:00,-1,1.3022528886795044,1.3196094036102295,-0.013786748372607507,0.007969,-0.00010986659778130923,10,trailing_stop,1
GBPUSD=X,2016-09-05 00:00:00,2016-09-09 00:00:00,-1,1.3294336795806885,1.331026315689087,-0.0015088539030438212,0.007969,-1.2024056753356213e-05,5,time,1
GBPUSD=X,2016-10-04 00:00:00,2016-10-07 00:00:00,-1,1.2851818799972534,1.2402331829071045,0.034720636837198435,0.007969,0.00027668875495563433,4,reversal,1
GBPUSD=X,2016-10-10 00:00:00,2016-10-19 00:00:00,1,1.2434717416763306,1.230466365814209,-0.010984368085817214,0.007969,-8.753442927587738e-05,8,time,1
GBPUSD=X,2016-12-05 00:00:00,2016-12-09 00:00:00,-1,1.2669453620910645,1.2584948539733887,0.006378452553014446,0.007969,5.082988839497212e-05,5,time,1
GBPUSD=X,2017-01-03 00:00:00,2017-01-09 00:00:00,-1,1.2281994819641113,1.2260912656784058,0.0014186733430506188,0.007969,1.1305407870770383e-05,5,time,1
GBPUSD=X,2017-02-03 00:00:00,2017-02-09 00:00:00,-1,1.2520345449447632,1.252803087234497,-0.0008841158571666894,0.007969,-7.045519265761348e-06,5,time,1
GBPUSD=X,2017-03-03 00:00:00,2017-03-09 00:00:00,-1,1.2274457216262817,1.217730164527893,0.007666701373425559,0.007969,6.109594324482828e-05,5,time,1
GBPUSD=X,2017-04-04 00:00:00,2017-04-10 00:00:00,-1,1.248907208442688,1.2375165224075317,0.008874847744304047,0.007969,7.072366167435896e-05,5,time,1
GBPUSD=X,2017-05-03 00:00:00,2017-05-09 00:00:00,-1,1.2943308353424072,1.2943308353424072,-0.00021632542408208657,0.007969,-1.723897304510148e-06,5,time,1
GBPUSD=X,2017-06-05 00:00:00,2017-06-09 00:00:00,-1,1.2865707874298096,1.2722970247268677,0.01090181378802777,0.007969,8.68765540767933e-05,5,time,1
GBPUSD=X,2017-07-04 00:00:00,2017-07-10 00:00:00,-1,1.2946324348449707,1.2891249656677246,0.004062456590872751,0.007969,3.237371657266495e-05,5,time,1
GBPUSD=X,2017-08-03 00:00:00,2017-08-09 00:00:00,-1,1.322873830795288,1.2986170053482056,0.018171001024856512,0.007969,0.00014480470716708154,5,time,1
GBPUSD=X,2017-09-04 00:00:00,2017-09-11 00:00:00,-1,1.2965123653411865,1.3197661638259888,-0.018106108122966494,0.007969,-0.00014428757563192,6,stop,1
GBPUSD=X,2017-10-03 00:00:00,2017-10-09 00:00:00,-1,1.327439546585083,1.3084039688110352,0.01417420448128017,0.007969,0.00011295423551132167,5,time,1
GBPUSD=X,2017-11-03 00:00:00,2017-11-03 00:00:00,-1,1.3054488897323608,1.30532968044281,-8.389537445432412e-05,0.007969,-6.68562239026509e-07,1,reversal,1
GBPUSD=X,2017-11-06 00:00:00,2017-11-24 00:00:00,1,1.3079760074615479,1.330672025680542,0.016304133176984502,0.007969,0.0001299276372873895,14,time,1
GBPUSD=X,2017-12-05 00:00:00,2017-12-11 00:00:00,-1,1.347527265548706,1.3392080068588257,0.005989977779567087,0.007969,4.7734132925370114e-05,5,time,1
GBPUSD=X,2018-05-03 00:00:00,2018-05-09 00:00:00,1,1.357367753982544,1.3553440570831299,-0.0021009764264923736,0.007969,-1.6742681142717726e-05,5,time,1
GBPUSD=X,2018-06-05 00:00:00,2018-06-11 00:00:00,1,1.3318061828613281,1.341381549835205,0.0065535188582021755,0.007969,5.222499178101314e-05,5,time,1
GBPUSD=X,2018-07-03 00:00:00,2018-07-09 00:00:00,1,1.314077615737915,1.329787254333496,0.01131675411194866,0.007969,9.018321351811888e-05,5,time,1
GBPUSD=X,2018-08-03 00:00:00,2018-08-09 00:00:00,1,1.301574945449829,1.2881617546081543,-0.010914689792297894,0.007969,-8.697916295482193e-05,5,time,1
GBPUSD=X,2018-09-04 00:00:00,2018-09-10 00:00:00,1,1.2867859601974487,1.2930254936218262,0.004237995751668339,0.007969,3.3772588145044997e-05,5,time,1
GBPUSD=X,2018-10-03 00:00:00,2018-10-09 00:00:00,1,1.2979763746261597,1.309311866760254,0.00806945159897685,0.007969,6.430545979224653e-05,5,time,1
GBPUSD=X,2018-11-05 00:00:00,2018-11-09 00:00:00,1,1.3005592823028564,1.3066771030426025,0.004038543809979556,0.007969,3.2183155621727087e-05,5,time,1
GBPUSD=X,2018-12-04 00:00:00,2018-12-10 00:00:00,1,1.2729123830795288,1.2721028327941895,-0.0013050092504734514,0.007969,-1.0399618717022935e-05,5,time,1
GBPUSD=X,2019-01-02 00:00:00,2019-01-02 00:00:00,-1,1.2752337455749512,1.2754288911819458,-0.00030487896215021266,0.007969,-2.4295804493750447e-06,1,reversal,1
GBPUSD=X,2019-01-03 00:00:00,2019-01-09 00:00:00,1,1.251877784729004,1.2737879753112793,0.01679222604981384,0.007969,0.0001338172493909665,5,time,1
GBPUSD=X,2019-02-04 00:00:00,2019-02-04 00:00:00,-1,1.3078563213348389,1.3077365159988403,-5.596326502528543e-05,0.007969,-4.459712589864996e-07,1,reversal,1
GBPUSD=X,2019-02-05 00:00:00,2019-02-11 00:00:00,1,1.3030844926834106,1.293677806854248,-0.00792151308124495,0.007969,-6.312653774444101e-05,5,time,1
GBPUSD=X,2019-03-05 00:00:00,2019-03-11 00:00:00,1,1.3178702592849731,1.2988362312316895,-0.015145447588177664,0.007969,-0.00012069407183018781,5,time,1
GBPUSD=X,2019-04-03 00:00:00,2019-04-09 00:00:00,1,1.3125426769256592,1.306335687637329,-0.005434021924292257,0.007969,-4.3303720714684996e-05,5,time,1
GBPUSD=X,2019-05-02 00:00:00,2019-05-02 00:00:00,-1,1.305483102798462,1.3053126335144043,-1.7721348176769634e-05,0.007969,-1.4122142362067723e-07,1,reversal,1
GBPUSD=X,2019-05-03 00:00:00,2019-05-09 00:00:00,1,1.3031693696975708,1.3012022972106934,-0.002209293781568314,0.007969,-1.7605862145317897e-05,5,time,1
GBPUSD=X,2019-06-04 00:00:00,2019-06-10 00:00:00,-1,1.2663036584854126,1.2722970247268677,-0.004764719982798164,0.007969,-3.797005354291857e-05,5,time,1
GBPUSD=X,2019-07-02 00:00:00,2019-07-02 00:00:00,-1,1.2644143104553223,1.2644623517990112,-0.000191426896212184,0.007969,-1.5254809359148943e-06,1,reversal,1
GBPUSD=X,2019-07-03 00:00:00,2019-07-12 00:00:00,1,1.2597631216049194,1.2523481845855713,-0.006822202253539606,0.007969,-5.436612975845713e-05,8,time,1
GBPUSD=X,2019-08-05 00:00:00,2019-08-23 00:00:00,1,1.2149192094802856,1.2251899242401123,0.0068289213900583415,0.007969,5.4419674557374926e-05,15,time,1
GBPUSD=X,2019-10-07 00:00:00,2019-10-24 00:00:00,1,1.23350191116333,1.2923235893249512,0.046419701063021214,0.007969,0.00036991859777121605,14,time,1
GBPUSD=X,2019-11-05 00:00:00,2019-11-25 00:00:00,1,1.2886930704116821,1.2853471040725708,-0.0038764937673146597,0.007969,-3.0891778831730526e-05,15,time,1
GBPUSD=X,2019-12-03 00:00:00,2019-12-09 00:00:00,1,1.2938451766967773,1.3139568567276,0.015004039504391907,0.007969,0.00011956719081049912,5,time,1
GBPUSD=X,2020-01-03 00:00:00,2020-01-14 00:00:00,-1,1.314388632774353,1.2988194227218628,0.01164980491942048,0.007969,9.283729540286182e-05,8,time,1
GBPUSD=X,2020-02-04 00:00:00,2020-02-10 00:00:00,1,1.2997310161590576,1.2891582250595093,-0.008673676116668071,0.007969,-6.912052497372786e-05,5,time,1
GBPUSD=X,2020-03-04 00:00:00,2020-03-12 00:00:00,1,1.2821171283721924,1.2818212509155273,-0.0008779336137577233,0.007969,-6.996252968035297e-06,7,reversal,1
GBPUSD=X,2020-03-13 00:00:00,2020-03-27 00:00:00,-1,1.2572765350341797,1.2200626134872437,0.029587991258687295,0.007969,0.00023578670234047905,11,trailing_stop,1
GBPUSD=X,2020-04-03 00:00:00,2020-04-22 00:00:00,1,1.2391880750656128,1.2298610210418701,-0.008234270752519812,0.007969,-6.561890362683039e-05,14,trailing_stop,1
GBPUSD=X,2020-05-05 00:00:00,2020-05-11 00:00:00,1,1.2448184490203857,1.2417423725128174,-0.0028534645257686088,0.007969,-2.2739258805850046e-05,5,time,1
GBPUSD=X,2021-04-02 00:00:00,2021-04-02 00:00:00,1,1.383508563041687,1.383508563041687,-0.00018945983730733003,0.007969,-1.5098054435021132e-06,1,reversal,1
GBPUSD=X,2021-04-05 00:00:00,2021-04-09 00:00:00,-1,1.3829728364944458,1.373437762260437,0.0065593356672952454,0.007969,5.227134593267581e-05,5,time,1
GBPUSD=X,2021-06-02 00:00:00,2021-06-02 00:00:00,1,1.4156686067581177,1.4157087802886963,-0.00015768061720465722,0.007969,-1.2565568385039135e-06,1,reversal,1
GBPUSD=X,2021-06-03 00:00:00,2021-06-09 00:00:00,-1,1.4172135591506958,1.414987564086914,0.0012406418735968448,0.007969,9.886675090693257e-06,5,time,1
GBPUSD=X,2021-07-05 00:00:00,2021-07-09 00:00:00,-1,1.3829345703125,1.3790820837020874,0.0024556401411488966,0.007969,1.9568996284815558e-05,5,time,1
GBPUSD=X,2021-09-03 00:00:00,2021-09-09 00:00:00,-1,1.3837957382202148,1.3767657279968262,0.004746503251106373,0.007969,3.782488440806669e-05,5,time,1
GBPUSD=X,2021-11-03 00:00:00,2021-11-09 00:00:00,-1,1.361748456954956,1.3564507961273193,0.003554374826266834,0.007969,2.83248129905204e-05,5,time,1
GBPUSD=X,2022-01-04 00:00:00,2022-01-10 00:00:00,-1,1.3482794761657715,1.3592311143875122,-0.008488368118295017,0.007969,-6.7643805534693e-05,5,time,1
GBPUSD=X,2022-03-02 00:00:00,2022-03-02 00:00:00,1,1.3333333730697632,1.3335111141204834,-5.480927950842858e-05,0.007969,-4.3677514840266734e-07,1,reversal,1
GBPUSD=X,2022-03-03 00:00:00,2022-03-09 00:00:00,-1,1.3397282361984253,1.3099292516708374,0.021850798788398015,0.007969,0.0001741290155447438,5,time,1
GBPUSD=X,2022-05-03 00:00:00,2022-05-09 00:00:00,-1,1.2501094341278076,1.2326656579971313,0.013528135241978873,0.007969,0.00010780570974332965,5,reversal,1
GBPUSD=X,2022-05-10 00:00:00,2022-05-30 00:00:00,1,1.2334866523742676,1.262833595275879,0.02333791569002264,0.007969,0.00018597985013379042,15,time,1
GBPUSD=X,2022-06-03 00:00:00,2022-06-17 00:00:00,-1,1.2577824592590332,1.2354830503463745,0.017278810377406424,0.007969,0.0001376948398975518,11,reversal,1
GBPUSD=X,2022-06-20 00:00:00,2022-07-05 00:00:00,1,1.2228227853775024,1.211445689201355,-0.009970053967581532,0.007969,-7.945136006765723e-05,12,reversal,1
GBPUSD=X,2022-07-06 00:00:00,2022-07-28 00:00:00,-1,1.1949572563171387,1.2163082361221313,-0.01833655974326924,0.007969,-0.00014612404459411258,17,trailing_stop,1
GBPUSD=X,2022-08-02 00:00:00,2022-08-05 00:00:00,-1,1.2259559631347656,1.215849757194519,0.00808573396011117,0.007969,6.443521392812592e-05,4,reversal,1
GBPUSD=X,2022-08-08 00:00:00,2022-08-22 00:00:00,1,1.20638906955719,1.1818095445632935,-0.021267246349394555,0.007969,-0.0001694786861583252,11,trailing_stop,1
GBPUSD=X,2022-09-02 00:00:00,2022-09-05 00:00:00,-1,1.1547343730926514,1.1474601030349731,0.0061050309476585116,0.007969,4.865099162189068e-05,2,reversal,1
GBPUSD=X,2022-09-06 00:00:00,2022-09-21 00:00:00,1,1.1568851470947266,1.138057827949524,-0.017322351337479783,0.007969,-0.0001380418178083764,12,trailing_stop,1
GBPUSD=X,2022-09-26 00:00:00,2022-10-03 00:00:00,1,1.07991361618042,1.114057183265686,0.03109328860475925,0.007969,0.00024778241689132647,6,reversal,1
GBPUSD=X,2022-10-04 00:00:00,2022-10-04 00:00:00,-1,1.1339668035507202,1.1334141492843628,0.0002778120357327324,0.007969,2.213884112754145e-06,1,reversal,1
GBPUSD=X,2022-10-05 00:00:00,2022-10-14 00:00:00,1,1.1450556516647339,1.1303905248641968,-0.013400054257657756,0.007969,-0.00010678503237927466,8,time,1
GBPUSD=X,2022-11-02 00:00:00,2022-11-04 00:00:00,-1,1.1492139101028442,1.1171187162399292,0.027790174151532565,0.007969,0.00022145989781356302,3,reversal,1
GBPUSD=X,2022-11-07 00:00:00,2022-12-02 00:00:00,1,1.1337867975234985,1.2259259223937988,0.07958299503784227,0.007969,0.0006341968874565651,20,time,1
GBPUSD=X,2022-12-06 00:00:00,2022-12-22 00:00:00,1,1.2193634510040283,1.2077397108078003,-0.010765794129288124,0.007969,-8.579261341629707e-05,13,trailing_stop,1
GBPUSD=X,2023-01-03 00:00:00,2023-01-04 00:00:00,-1,1.2064036130905151,1.1969740390777588,0.007619211960016985,0.007969,6.0717500109375355e-05,2,reversal,1
GBPUSD=X,2023-01-05 00:00:00,2023-01-25 00:00:00,1,1.205269455909729,1.232923984527588,0.02174863042272173,0.007969,0.00017331483583866948,15,time,1
GBPUSD=X,2023-05-03 00:00:00,2023-05-09 00:00:00,1,1.247972011566162,1.2612725496292114,0.010103454612386247,0.007969,8.051442980610601e-05,5,time,1
GBPUSD=X,2023-05-15 00:00:00,2023-05-26 00:00:00,1,1.2453765869140625,1.2318304777145386,-0.011713996941494742,0.007969,-9.334884162677161e-05,10,trailing_stop,1
GBPUSD=X,2023-06-05 00:00:00,2023-06-09 00:00:00,1,1.242992639541626,1.2559500932693481,0.009913575935313614,0.007969,7.900128662851419e-05,5,time,1
GBPUSD=X,2023-06-26 00:00:00,2023-07-14 00:00:00,1,1.2732527256011963,1.3128528594970703,0.03021505232577527,0.007969,0.00024078375198410314,15,time,1
GBPUSD=X,2023-08-03 00:00:00,2023-08-09 00:00:00,1,1.2717629671096802,1.2741613388061523,0.0014757577454879863,0.007969,1.1760313473793763e-05,5,time,1
GBPUSD=X,2023-08-25 00:00:00,2023-09-04 00:00:00,-1,1.2593348026275635,1.2591445446014404,-0.00022001446978403438,0.007969,-1.75329530970897e-06,7,reversal,1
GBPUSD=X,2023-09-05 00:00:00,2023-09-07 00:00:00,1,1.26262629032135,1.2498750686645508,-0.010374582669313057,0.007969,-8.267504929175575e-05,3,reversal,1
GBPUSD=X,2023-09-08 00:00:00,2023-09-28 00:00:00,-1,1.247551679611206,1.2135332822799683,0.026633348476803154,0.007969,0.00021224115401164434,15,time,1
GBPUSD=X,2023-10-03 00:00:00,2023-10-09 00:00:00,-1,1.2088828086853027,1.222090482711792,-0.011260547903016206,0.007969,-8.973530623913615e-05,5,time,1
GBPUSD=X,2023-11-03 00:00:00,2023-11-09 00:00:00,1,1.2190959453582764,1.2285012006759644,0.007298264627437597,0.007969,5.815987081605021e-05,5,time,1
GBPUSD=X,2023-12-05 00:00:00,2023-12-11 00:00:00,1,1.2634079456329346,1.2554770708084106,-0.006687619331610455,0.007969,-5.329363845360372e-05,5,time,1
GBPUSD=X,2024-01-03 00:00:00,2024-01-09 00:00:00,-1,1.262371301651001,1.274518609046936,-0.009949850117386895,0.007969,-7.929035558545618e-05,5,time,1
GBPUSD=X,2024-02-05 00:00:00,2024-02-09 00:00:00,1,1.2616863250732422,1.2620525360107422,-0.000120062614125626,0.007969,-9.567789719671136e-07,5,time,1
GBPUSD=X,2024-03-05 00:00:00,2024-03-11 00:00:00,1,1.2690355777740479,1.2855123281478882,0.012574428431603068,0.007969,0.00010020562017144486,5,time,1
GBPUSD=X,2024-04-03 00:00:00,2024-04-09 00:00:00,1,1.2576559782028198,1.2658709287643433,0.0061223812174096715,0.007969,4.8789255921537675e-05,5,time,1
GBPUSD=X,2024-05-03 00:00:00,2024-05-09 00:00:00,1,1.2539970874786377,1.2493284940719604,-0.004132113009809547,0.007969,-3.292880857517228e-05,5,time,1
GBPUSD=X,2024-06-04 00:00:00,2024-06-10 00:00:00,1,1.2810165882110596,1.2729448080062866,-0.006706535803200353,0.007969,-5.344438381570362e-05,5,time,1
GBPUSD=X,2024-07-03 00:00:00,2024-07-09 00:00:00,1,1.2688101530075073,1.2815583944320679,0.009640284573051173,0.007969,7.68234277626448e-05,5,time,1
GBPUSD=X,2024-09-03 00:00:00,2024-09-20 00:00:00,1,1.3141123056411743,1.328179955482483,0.009813355254380166,0.007969,7.820262802215554e-05,14,time,1
GBPUSD=X,2024-11-11 00:00:00,2024-11-29 00:00:00,-1,1.2915725708007812,1.2696800231933594,0.016203878517914185,0.007969,0.00012912870790925815,15,time,1
GBPUSD=X,2024-12-03 00:00:00,2024-12-09 00:00:00,-1,1.265806794166565,1.2749296426773071,-0.007572973701042487,0.007969,-6.034902742360758e-05,5,time,1
USDJPY=X,2015-01-02 00:00:00,2015-01-07 00:00:00,1,119.88999938964844,118.6729965209961,-0.010369510593432385,0.0075,-7.777132945074289e-05,4,trailing_stop,1
USDJPY=X,2015-02-03 00:00:00,2015-02-16 00:00:00,1,117.60199737548828,118.56999969482422,0.007716721384248228,0.0075,5.787541038186171e-05,10,trailing_stop,1
USDJPY=X,2015-03-03 00:00:00,2015-03-10 00:00:00,1,120.197998046875,121.40799713134766,0.009730870470509483,0.0075,7.298152852882112e-05,6,reversal,1
USDJPY=X,2015-03-11 00:00:00,2015-03-31 00:00:00,-1,121.05999755859375,120.01300048828125,0.007998026792598256,0.0075,5.9985200944486916e-05,15,time,1
USDJPY=X,2015-04-02 00:00:00,2015-04-16 00:00:00,1,119.57599639892578,119.14299774169922,-0.004155047468641861,0.0075,-3.1162856014813955e-05,11,trailing_stop,1
USDJPY=X,2015-05-04 00:00:00,2015-06-11 00:00:00,1,120.13200378417969,122.86599731445312,0.02152171387762633,0.0075,0.00016141285408219748,29,trailing_stop,1
USDJPY=X,2015-07-02 00:00:00,2015-07-09 00:00:00,1,123.31800079345703,120.86199951171875,-0.0202449146478443,0.0075,-0.00015183685985883222,6,stop,1
USDJPY=X,2015-08-04 00:00:00,2015-08-20 00:00:00,1,123.94300079345703,123.89700317382812,-0.00095918301505583,0.0075,-7.193872612918725e-06,13,trailing_stop,1
USDJPY=X,2015-12-02 00:00:00,2015-12-10 00:00:00,1,122.91000366210938,121.69999694824219,-0.010175622634467548,0.0075,-7.631716975850662e-05,7,stop,1
USDJPY=X,2016-01-04 00:00:00,2016-01-04 00:00:00,1,120.31700134277344,120.31099700927734,-0.00017356783780031487,0.0075,-1.3017587835023615e-06,1,reversal,1
USDJPY=X,2016-01-05 00:00:00,2016-01-11 00:00:00,-1,119.4739990234375,117.08000183105469,0.01970888806129903,0.0075,0.00014781666045974272,5,time,1
USDJPY=X,2016-02-02 00:00:00,2016-02-02 00:00:00,1,120.85399627685547,120.83999633789062,-0.00023686667407927644,0.0075,-1.7765000555945732e-06,1,reversal,1
USDJPY=X,2016-02-03 00:00:00,2016-02-09 00:00:00,-1,119.8499984741211,115.66799926757812,0.03454966500970517,0.0075,0.00025912248757278876,5,time,1
USDJPY=X,2016-03-03 00:00:00,2016-03-09 00:00:00,-1,113.49099731445312,112.66000366210938,0.0069700149194926895,0.0075,5.227511189619517e-05,5,time,1
USDJPY=X,2016-03-11 00:00:00,2016-03-25 00:00:00,-1,112.83899688720703,112.83000183105469,-0.0005535439822469183,0.0075,-4.151579866851887e-06,11,trailing_stop,1
USDJPY=X,2016-04-05 00:00:00,2016-04-07 00:00:00,1,111.24400329589844,109.6989974975586,-0.014055320694417225,0.0075,-0.00010541490520812919,3,trailing_stop,1
USDJPY=X,2016-05-03 00:00:00,2016-05-09 00:00:00,-1,106.40299987792969,107.36000061035156,-0.009361558828480497,0.0075,-7.021169121360372e-05,5,time,1
USDJPY=X,2016-06-03 00:00:00,2016-06-09 00:00:00,-1,108.91899871826172,106.77999877929688,0.019268067188743788,0.0075,0.0001445105039155784,5,time,1
USDJPY=X,2016-07-05 00:00:00,2016-07-14 00:00:00,1,102.5199966430664,104.07599639892578,0.014873197327104602,0.0075,0.0001115489799532845,8,time,1
USDJPY=X,2016-08-03 00:00:00,2016-08-09 00:00:00,-1,101.0780029296875,102.28800201416016,-0.012351475166297662,0.0075,-9.263606374723247e-05,5,time,1
USDJPY=X,2016-09-05 00:00:00,2016-09-09 00:00:00,-1,103.95800018310547,102.30599975585938,0.015512095895169208,0.0075,0.00011634071921376905,5,time,1
USDJPY=X,2016-10-04 00:00:00,2016-11-02 00:00:00,1,101.83599853515625,104.09200286865234,0.02149120274250278,0.0075,0.00016118402056877084,22,trailing_stop,1
USDJPY=X,2016-12-02 00:00:00,2016-12-02 00:00:00,1,113.9020004272461,113.90899658203125,-5.9302242673748944e-05,0.0075,-4.4476682005311705e-07,1,reversal,1
USDJPY=X,2016-12-05 00:00:00,2016-12-09 00:00:00,-1,113.5250015258789,114.07499694824219,-0.005239154930089019,0.0075,-3.929366197566764e-05,5,time,1
USDJPY=X,2017-01-03 00:00:00,2017-01-03 00:00:00,1,117.48799896240234,117.49500274658203,-5.786963054083062e-05,0.0075,-4.3402222905622965e-07,1,reversal,1
USDJPY=X,2017-01-04 00:00:00,2017-01-09 00:00:00,-1,117.6780014038086,117.1500015258789,0.0042195027684792386,0.0075,3.1646270763594286e-05,4,trailing_stop,1
USDJPY=X,2017-02-03 00:00:00,2017-02-09 00:00:00,-1,112.77899932861328,111.9520034790039,0.006915873192852482,0.0075,5.186904894639361e-05,5,time,1
USDJPY=X,2017-03-02 00:00:00,2017-03-02 00:00:00,1,114.09700012207031,114.12100219726562,9.661677852915271e-05,0.0075,7.246258389686453e-07,1,reversal,1
USDJPY=X,2017-03-03 00:00:00,2017-03-09 00:00:00,-1,114.322998046875,114.41100311279297,-0.0012110583237972612,0.0075,-9.082937428479458e-06,5,time,1
USDJPY=X,2017-03-13 00:00:00,2017-03-31 00:00:00,-1,114.7750015258789,111.7760009765625,0.02501769038903516,0.0075,0.0001876326779177637,15,trailing_stop,1
USDJPY=X,2017-04-04 00:00:00,2017-04-05 00:00:00,-1,110.70099639892578,110.85399627685547,-0.0015872393372749604,0.0075,-1.1904295029562202e-05,2,reversal,1
USDJPY=X,2017-04-06 00:00:00,2017-04-12 00:00:00,1,110.3949966430664,109.58699798583984,-0.0074826569507880445,0.0075,-5.611992713091033e-05,5,trailing_stop,1
USDJPY=X,2017-07-04 00:00:00,2017-07-10 00:00:00,1,113.36900329589844,113.98500061035156,0.005323568902402305,0.0075,3.992676676801728e-05,5,reversal,1
USDJPY=X,2017-07-12 00:00:00,2017-07-21 00:00:00,-1,113.76799774169922,111.88500213623047,0.015893325112274516,0.0075,0.00011919993834205886,8,time,1
USDJPY=X,2017-09-04 00:00:00,2017-09-04 00:00:00,1,109.7770004272461,109.79499816894531,5.63274878633682e-05,0.0075,4.224561589752615e-07,1,reversal,1
USDJPY=X,2017-09-05 00:00:00,2017-09-11 00:00:00,-1,109.77999877929688,108.23100280761719,0.013592247032066126,0.0075,0.00010194185274049594,5,time,1
USDJPY=X,2017-10-03 00:00:00,2017-10-16 00:00:00,1,112.7760009765625,111.88200378417969,-0.007998047567583875,0.0075,-5.998535675687906e-05,10,trailing_stop,1
USDJPY=X,2017-11-02 00:00:00,2017-11-17 00:00:00,1,114.1709976196289,113.02799987792969,-0.010078219555081015,0.0075,-7.558664666310761e-05,11,trailing_stop,1
USDJPY=X,2017-12-04 00:00:00,2017-12-15 00:00:00,1,112.83899688720703,112.39600372314453,-0.0039452839310298235,0.0075,-2.9589629482723675e-05,10,trailing_stop,1
USDJPY=X,2018-01-02 00:00:00,2018-01-11 00:00:00,1,112.7699966430664,111.44400024414062,-0.01177338408876203,0.0075,-8.830038066571522e-05,8,stop,1
USDJPY=X,2018-06-04 00:00:00,2018-06-04 00:00:00,1,109.5979995727539,109.5979995727539,-8.908840645319372e-05,0.0075,-6.681630483989529e-07,1,reversal,1
USDJPY=X,2018-06-05 00:00:00,2018-06-11 00:00:00,-1,109.9729995727539,109.44300079345703,0.004170806116862696,0.0075,3.128104587647022e-05,5,time,1
USDJPY=X,2018-08-02 00:00:00,2018-08-02 00:00:00,1,111.63700103759766,111.62000274658203,-0.00023719890093853733,0.0075,-1.7789917570390299e-06,1,reversal,1
USDJPY=X,2018-08-03 00:00:00,2018-08-09 00:00:00,-1,111.6989974975586,110.89199829101562,0.006562960483409624,0.0075,4.922220362557218e-05,5,time,1
USDJPY=X,2018-09-04 00:00:00,2018-09-07 00:00:00,1,111.06099700927734,110.49500274658203,-0.005111387828602984,0.0075,-3.833540871452238e-05,4,trailing_stop,1
USDJPY=X,2018-10-02 00:00:00,2018-10-09 00:00:00,1,113.95800018310547,113.09700012207031,-0.007412389666411108,0.0075,-5.5592922498083306e-05,6,trailing_stop,1
USDJPY=X,2018-11-02 00:00:00,2018-11-19 00:00:00,1,112.7229995727539,112.7300033569336,0.000462406358428952,0.0075,3.4680476882171397e-06,12,trailing_stop,1
USDJPY=X,2019-01-03 00:00:00,2019-01-09 00:00:00,1,107.44999694824219,108.7760009765625,0.01248714675720823,0.0075,9.365360067906171e-05,5,time,1
USDJPY=X,2019-03-05 00:00:00,2019-03-11 00:00:00,1,111.76000213623047,111.08000183105469,-0.005936134303461792,0.0075,-4.452100727596344e-05,5,trailing_stop,1
USDJPY=X,2019-03-12 00:00:00,2019-04-01 00:00:00,-1,111.3239974975586,110.99500274658203,0.0009088453150572283,0.0075,6.8163398629292115e-06,15,trailing_stop,1
USDJPY=X,2019-04-02 00:00:00,2019-04-11 00:00:00,1,111.43399810791016,110.98500061035156,-0.0037614145916592635,0.0075,-2.8210609437444475e-05,8,trailing_stop,1
USDJPY=X,2019-05-02 00:00:00,2019-05-06 00:00:00,1,111.44999694824219,110.62300109863281,-0.007419913407788934,0.0075,-5.5649350558417e-05,3,trailing_stop,1
USDJPY=X,2019-06-04 00:00:00,2019-06-10 00:00:00,1,108.05899810791016,108.4489974975586,0.0037514593693390827,0.0075,2.813594527004312e-05,5,time,1
USDJPY=X,2019-07-03 00:00:00,2019-07-09 00:00:00,1,107.822998046875,108.72100067138672,0.008476706133532071,0.0075,6.357529600149053e-05,5,time,1
USDJPY=X,2019-11-04 00:00:00,2019-11-04 00:00:00,1,108.20999908447266,108.22000122070312,-6.236282883719559e-06,0.0075,-4.6772121627896695e-08,1,reversal,1
USDJPY=X,2019-11-05 00:00:00,2019-11-25 00:00:00,-1,108.697998046875,108.7300033569336,-0.0018498696844531431,0.0075,-1.3874022633398573e-05,15,time,1
USDJPY=X,2019-12-03 00:00:00,2019-12-31 00:00:00,1,109.01399993896484,108.87300109863281,-0.0010230262734251616,0.0075,-7.672697050688712e-06,21,trailing_stop,1
USDJPY=X,2020-01-02 00:00:00,2020-01-02 00:00:00,1,108.71399688720703,108.71299743652344,-0.00010764529518101893,0.0075,-8.07339713857642e-07,1,reversal,1
USDJPY=X,2020-01-03 00:00:00,2020-01-09 00:00:00,-1,108.54000091552734,109.03099822998047,-0.005114393038018326,0.0075,-3.835794778513745e-05,5,trailing_stop,1
USDJPY=X,2020-03-04 00:00:00,2020-03-16 00:00:00,-1,107.06900024414062,106.68800354003906,0.0026922876460293973,0.0075,2.019215734522048e-05,9,trailing_stop,1
USDJPY=X,2020-04-02 00:00:00,2020-04-02 00:00:00,1,107.28600311279297,107.25700378417969,-0.00041121891144379265,0.0075,-3.084141835828445e-06,1,reversal,1
USDJPY=X,2020-04-03 00:00:00,2020-04-30 00:00:00,-1,108.0469970703125,106.61000061035156,0.012418322328471109,0.0075,9.31374174635333e-05,20,time,1
USDJPY=X,2020-05-05 00:00:00,2020-05-11 00:00:00,1,106.68299865722656,106.91899871826172,0.0019038924137288018,0.0075,1.4279193102966012e-05,5,time,1
USDJPY=X,2022-03-03 00:00:00,2022-03-09 00:00:00,-1,115.49700164794922,115.72200012207031,-0.0022686073579898467,0.0075,-1.701455518492385e-05,5,time,1
USDJPY=X,2022-03-11 00:00:00,2022-03-14 00:00:00,-1,116.15899658203125,117.52899932861328,-0.011960014063065873,0.0075,-8.970010547299405e-05,2,trailing_stop,1
USDJPY=X,2022-05-03 00:00:00,2022-05-03 00:00:00,-1,130.11199951171875,130.11199951171875,-0.00012748995378847764,0.0075,-9.561746534135822e-07,1,reversal,1
USDJPY=X,2022-05-04 00:00:00,2022-05-13 00:00:00,1,130.11599731445312,128.58799743652344,-0.012047593583441615,0.0075,-9.035695187581211e-05,8,trailing_stop,1
USDJPY=X,2022-06-03 00:00:00,2022-06-03 00:00:00,-1,129.91799926757812,129.91799926757812,-0.0001524507392101768,0.0075,-1.143380544076326e-06,1,reversal,1
USDJPY=X,2022-06-06 00:00:00,2022-06-17 00:00:00,1,130.70700073242188,132.42100524902344,0.013072541049486786,0.0075,9.804405787115089e-05,10,trailing_stop,1
USDJPY=X,2022-07-05 00:00:00,2022-07-05 00:00:00,-1,135.83999633789062,135.83999633789062,-0.00016055483725947506,0.0075,-1.2041612794460629e-06,1,reversal,1
USDJPY=X,2022-07-06 00:00:00,2022-07-22 00:00:00,1,135.52099609375,137.09800720214844,0.011817041408018206,0.0075,8.862781056013654e-05,13,trailing_stop,1
USDJPY=X,2022-08-03 00:00:00,2022-08-30 00:00:00,1,133.37899780273438,138.5959930419922,0.0399707467006092,0.0075,0.00029978060025456896,20,time,1
USDJPY=X,2022-09-05 00:00:00,2022-09-07 00:00:00,-1,140.48699951171875,143.1510009765625,-0.01933855631789829,0.0075,-0.00014503917238423717,3,trailing_stop,1
USDJPY=X,2022-09-09 00:00:00,2022-09-28 00:00:00,-1,143.8560028076172,144.6909942626953,-0.0076273172173148066,0.0075,-5.720487912986105e-05,14,trailing_stop,1
USDJPY=X,2022-10-04 00:00:00,2022-10-10 00:00:00,-1,144.5189971923828,145.48199462890625,-0.007423411280622243,0.0075,-5.567558460466682e-05,5,time,1
USDJPY=X,2022-11-03 00:00:00,2022-11-09 00:00:00,1,147.89199829101562,145.2949981689453,-0.017117600155469512,0.0075,-0.00012838200116602135,5,trailing_stop,1
USDJPY=X,2022-12-06 00:00:00,2022-12-23 00:00:00,-1,136.65199279785156,132.35699462890625,0.02883298689592994,0.0075,0.00021624740171947453,14,time,1
USDJPY=X,2023-01-03 00:00:00,2023-01-04 00:00:00,1,130.79400634765625,131.2480010986328,0.00354606190176896,0.0075,2.65954642632672e-05,2,reversal,1
USDJPY=X,2023-01-05 00:00:00,2023-01-25 00:00:00,-1,132.24600219726562,130.23899841308594,0.012158027509702306,0.0075,9.118520632276729e-05,15,time,1
USDJPY=X,2023-03-13 00:00:00,2023-03-31 00:00:00,-1,134.97000122070312,133.2010040283203,0.009804233485065435,0.0075,7.353175113799075e-05,15,trailing_stop,1
USDJPY=X,2023-06-05 00:00:00,2023-06-09 00:00:00,1,140.20700073242188,138.86300659179688,-0.00889863374363894,0.0075,-6.673975307729204e-05,5,time,1
USDJPY=X,2023-07-04 00:00:00,2023-07-04 00:00:00,1,144.58399963378906,144.58399963378906,2.680477554904096e-05,0.0075,2.010358166178072e-07,1,reversal,1
USDJPY=X,2023-07-05 00:00:00,2023-07-14 00:00:00,-1,144.406005859375,138.0749969482422,0.042096841139481526,0.0075,0.00031572630854611146,8,time,1
USDJPY=X,2023-08-02 00:00:00,2023-08-24 00:00:00,1,142.97000122070312,144.67300415039062,0.01452459353320306,0.0075,0.00010893445149902295,17,trailing_stop,1
USDJPY=X,2023-09-04 00:00:00,2023-10-06 00:00:00,1,146.0570068359375,148.46299743652344,0.02048559076848712,0.0075,0.0001536419307636534,25,trailing_stop,1
USDJPY=X,2023-12-04 00:00:00,2023-12-08 00:00:00,1,146.39300537109375,144.2779998779297,-0.013719062222721231,0.0075,-0.00010289296667040922,5,trailing_stop,1
USDJPY=X,2024-01-03 00:00:00,2024-01-09 00:00:00,1,142.15499877929688,144.22999572753906,0.01532302794940971,0.0075,0.00011492270962057282,5,time,1
USDJPY=X,2024-02-05 00:00:00,2024-02-09 00:00:00,1,148.50100708007812,149.25900268554688,0.00583272237779221,0.0075,4.3745417833441575e-05,5,time,1
USDJPY=X,2024-03-04 00:00:00,2024-03-07 00:00:00,1,150.10499572753906,149.2689971923828,-0.005190309343148759,0.0075,-3.892732007361569e-05,4,trailing_stop,1
USDJPY=X,2024-04-02 00:00:00,2024-04-02 00:00:00,1,151.58099365234375,151.58099365234375,3.35993462702779e-05,0.0075,2.5199509702708423e-07,1,reversal,1
USDJPY=X,2024-04-03 00:00:00,2024-04-11 00:00:00,-1,151.5399932861328,152.96400451660156,-0.010998150212060864,0.0075,-8.248612659045647e-05,7,trailing_stop,1
USDJPY=X,2024-05-03 00:00:00,2024-05-09 00:00:00,1,153.0449981689453,155.41900634765625,0.016226742095171227,0.0075,0.0001217005657137842,5,time,1
USDJPY=X,2024-06-04 00:00:00,2024-07-02 00:00:00,1,156.0760040283203,161.51199340820312,0.03804090557499184,0.0075,0.0002853067918124388,21,reversal,1
USDJPY=X,2024-07-03 00:00:00,2024-07-12 00:00:00,-1,161.50399780273438,158.2010040283203,0.01868640984341643,0.0075,0.00014014807382562323,8,time,1
USDJPY=X,2024-09-03 00:00:00,2024-09-05 00:00:00,1,146.7220001220703,143.32400512695312,-0.022913933942024244,0.0075,-0.00017185450456518183,3,trailing_stop,1
USDJPY=X,2024-12-03 00:00:00,2024-12-09 00:00:00,1,149.50799560546875,150.02999877929688,0.004043417879462675,0.0075,3.0325634095970062e-05,5,time,1
AUDUSD=X,2015-02-03 00:00:00,2015-02-23 00:00:00,-1,0.7799095511436462,0.7846214175224304,-0.008299693861675098,0.0075,-6.224770396256324e-05,15,trailing_stop,1
AUDUSD=X,2015-04-03 00:00:00,2015-04-14 00:00:00,1,0.7582076191902161,0.7587253451347351,0.0006019091759782471,0.0075,4.514318819836853e-06,8,trailing_stop,1
AUDUSD=X,2015-10-05 00:00:00,2015-10-14 00:00:00,1,0.7046719789505005,0.7222824096679688,0.024858597277887945,0.0075,0.00018643947958415957,8,trailing_stop,1
AUDUSD=X,2016-01-04 00:00:00,2016-01-05 00:00:00,1,0.7285974621772766,0.7185972929000854,-0.01401682387711056,0.0075,-0.0001051261790783292,2,trailing_stop,1
AUDUSD=X,2016-02-03 00:00:00,2016-02-08 00:00:00,1,0.7027900815010071,0.7086167335510254,0.008018288242472853,0.0075,6.013716181854639e-05,4,trailing_stop,1
AUDUSD=X,2016-03-03 00:00:00,2016-03-09 00:00:00,1,0.7286505103111267,0.7433839440345764,0.020021200189616582,0.0075,0.00015015900142212435,5,time,1
AUDUSD=X,2016-04-04 00:00:00,2016-04-04 00:00:00,1,0.7668123245239258,0.7668711543083191,-0.0002192777880462213,0.0075,-1.6445834103466597e-06,1,reversal,1
AUDUSD=X,2016-04-05 00:00:00,2016-04-13 00:00:00,-1,0.7598784565925598,0.7685213685035706,-0.012353199174769125,0.0075,-9.264899381076843e-05,7,trailing_stop,1
AUDUSD=X,2016-05-03 00:00:00,2016-05-03 00:00:00,1,0.766400933265686,0.7663775086402893,-0.00032673017125265383,0.0075,-2.4504762843949037e-06,1,reversal,1
AUDUSD=X,2016-05-04 00:00:00,2016-05-24 00:00:00,-1,0.7499062418937683,0.7223867774009705,0.03482949562988727,0.0075,0.00026122121722415453,15,time,1
AUDUSD=X,2016-06-03 00:00:00,2016-06-09 00:00:00,1,0.7230135202407837,0.7496814131736755,0.036617624200599386,0.0075,0.0002746321815044954,5,time,1
AUDUSD=X,2016-07-05 00:00:00,2016-07-11 00:00:00,1,0.7530120611190796,0.7559149861335754,0.0035881451804625785,0.0075,2.6911088853469338e-05,5,time,1
AUDUSD=X,2016-08-03 00:00:00,2016-08-09 00:00:00,1,0.7600516676902771,0.7660487294197083,0.007591826549086848,0.0075,5.693869911815136e-05,5,time,1
AUDUSD=X,2016-09-02 00:00:00,2016-09-12 00:00:00,1,0.7551158666610718,0.7544892430305481,-0.0011328752196678145,0.0075,-8.496564147508608e-06,7,trailing_stop,1
AUDUSD=X,2016-10-04 00:00:00,2016-10-05 00:00:00,1,0.7684623003005981,0.7610929608345032,-0.009898745861340466,0.0075,-7.42405939600535e-05,2,trailing_stop,1
AUDUSD=X,2016-11-02 00:00:00,2016-11-10 00:00:00,1,0.7646428942680359,0.7649353742599487,8.835936239103066e-05,0.0075,6.6269521793273e-07,7,trailing_stop,1
AUDUSD=X,2016-12-05 00:00:00,2016-12-09 00:00:00,1,0.7439368963241577,0.7459513545036316,0.0023794733173437862,0.0075,1.7846049880078395e-05,5,time,1
AUDUSD=X,2017-01-03 00:00:00,2017-01-09 00:00:00,1,0.7195797562599182,0.7312079668045044,0.01582044297055169,0.0075,0.00011865332227913768,5,time,1
AUDUSD=X,2017-02-03 00:00:00,2017-02-09 00:00:00,1,0.7656967639923096,0.7631723284721375,-0.0036391200073177614,0.0075,-2.729340005488321e-05,5,time,1
AUDUSD=X,2017-03-02 00:00:00,2017-03-03 00:00:00,1,0.7659782767295837,0.7572315335273743,-0.011747167977115452,0.0075,-8.810375982836588e-05,2,trailing_stop,1
AUDUSD=X,2017-04-04 00:00:00,2017-04-07 00:00:00,1,0.7605082988739014,0.7541478276252747,-0.008708614974672298,0.0075,-6.531461231004223e-05,4,trailing_stop,1
AUDUSD=X,2017-07-04 00:00:00,2017-07-10 00:00:00,-1,0.7666183710098267,0.7605140805244446,0.007365720808432237,0.0075,5.524290606324177e-05,5,time,1
AUDUSD=X,2017-09-04 00:00:00,2017-09-14 00:00:00,1,0.7964954376220703,0.797957181930542,0.0013229410415311798,0.0075,9.922057811483847e-06,9,trailing_stop,1
AUDUSD=X,2017-10-03 00:00:00,2017-10-09 00:00:00,1,0.7827298641204834,0.7779377102851868,-0.006563225544927365,0.0075,-4.922419158695524e-05,5,trailing_stop,1
AUDUSD=X,2018-01-03 00:00:00,2018-01-09 00:00:00,-1,0.7832693457603455,0.7848061919212341,-0.0024948009230580394,0.0075,-1.8711006922935296e-05,5,time,1
AUDUSD=X,2018-02-05 00:00:00,2018-02-09 00:00:00,-1,0.7906700968742371,0.7787495255470276,0.014552454566697293,0.0075,0.00010914340925022969,5,time,1
AUDUSD=X,2018-03-05 00:00:00,2018-03-08 00:00:00,-1,0.7756086587905884,0.7827115058898926,-0.009600904825016124,0.0075,-7.200678618762092e-05,4,trailing_stop,1
AUDUSD=X,2018-05-03 00:00:00,2018-05-09 00:00:00,-1,0.7487271428108215,0.7449344992637634,0.004541623183368946,0.0075,3.406217387526709e-05,5,time,1
AUDUSD=X,2018-06-05 00:00:00,2018-06-11 00:00:00,-1,0.7652866244316101,0.7601903676986694,0.006144300605939649,0.0075,4.608225454454737e-05,5,time,1
AUDUSD=X,2018-07-03 00:00:00,2018-07-03 00:00:00,-1,0.7338372468948364,0.7338911294937134,-0.00042924093423208346,0.0075,-3.2193070067406257e-06,1,reversal,1
AUDUSD=X,2018-07-04 00:00:00,2018-07-12 00:00:00,1,0.7378440499305725,0.7365885972976685,-0.0022782937198533196,0.0075,-1.7087202898899895e-05,7,trailing_stop,1
AUDUSD=X,2018-08-03 00:00:00,2018-08-08 00:00:00,-1,0.7359814047813416,0.7424456477165222,-0.009202406559640023,0.0075,-6.901804919730017e-05,4,trailing_stop,1
AUDUSD=X,2018-09-04 00:00:00,2018-09-10 00:00:00,-1,0.72061687707901,0.7117944359779358,0.011746839337094955,0.0075,8.810129502821216e-05,5,time,1
AUDUSD=X,2018-10-05 00:00:00,2018-10-16 00:00:00,1,0.70806485414505,0.713541567325592,0.006976631990693488,0.0075,5.232473993020116e-05,8,time,1
AUDUSD=X,2018-11-05 00:00:00,2018-11-08 00:00:00,-1,0.7198076248168945,0.7275902032852173,-0.011204626104312256,0.0075,-8.403469578234191e-05,4,trailing_stop,1
AUDUSD=X,2018-12-04 00:00:00,2018-12-10 00:00:00,-1,0.7355645298957825,0.7184939980506897,0.022777546893952838,0.0075,0.0001708316017046463,5,time,1
AUDUSD=X,2019-01-03 00:00:00,2019-01-09 00:00:00,1,0.6920079588890076,0.7163323760032654,0.034496821372367606,0.0075,0.000258726160292757,5,time,1
AUDUSD=X,2019-02-05 00:00:00,2019-02-07 00:00:00,1,0.7214174270629883,0.7109948396682739,-0.014920600373552712,0.0075,-0.00011190450280164534,3,trailing_stop,1
AUDUSD=X,2019-03-05 00:00:00,2019-03-08 00:00:00,1,0.7091192603111267,0.7023458480834961,-0.01009305383842861,0.0075,-7.569790378821457e-05,4,trailing_stop,1
AUDUSD=X,2019-04-03 00:00:00,2019-04-04 00:00:00,-1,0.7056167125701904,0.7117488384246826,-0.009033864386574414,0.0075,-6.77539828993081e-05,2,trailing_stop,1
AUDUSD=X,2019-05-03 00:00:00,2019-05-09 00:00:00,-1,0.699349582195282,0.6994963884353638,-0.0005435052195278631,0.0075,-4.076289146458973e-06,5,time,1
AUDUSD=X,2019-06-04 00:00:00,2019-06-21 00:00:00,-1,0.6970389485359192,0.6922379732131958,0.0065680154517681055,0.0075,4.926011588826079e-05,14,trailing_stop,1
AUDUSD=X,2019-07-03 00:00:00,2019-07-09 00:00:00,-1,0.6995453238487244,0.6973987221717834,0.0028194595897032527,0.0075,2.1145946922774396e-05,5,time,1
AUDUSD=X,2019-08-05 00:00:00,2019-08-07 00:00:00,-1,0.6790710091590881,0.6763017177581787,0.003753401759128609,0.0075,2.8150513193464565e-05,3,reversal,1
AUDUSD=X,2019-08-08 00:00:00,2019-08-23 00:00:00,1,0.6758126616477966,0.6755843758583069,-0.0017537444036757153,0.0075,-1.3153083027567864e-05,12,trailing_stop,1
AUDUSD=X,2019-09-03 00:00:00,2019-09-04 00:00:00,-1,0.6712760925292969,0.6763977408409119,-0.007968069447230585,0.0075,-5.9760520854229386e-05,2,trailing_stop,1
AUDUSD=X,2019-10-04 00:00:00,2019-10-23 00:00:00,1,0.6745999455451965,0.6861298680305481,0.01564093538857211,0.0075,0.00011730701541429082,14,time,1
AUDUSD=X,2019-11-05 00:00:00,2019-11-05 00:00:00,-1,0.6887099742889404,0.6890279054641724,-0.0008144940523594738,0.0075,-6.108705392696053e-06,1,reversal,1
AUDUSD=X,2019-11-06 00:00:00,2019-11-12 00:00:00,1,0.6889700293540955,0.6850253343582153,-0.006440143217240932,0.0075,-4.8301074129306985e-05,5,trailing_stop,1
AUDUSD=X,2019-12-03 00:00:00,2019-12-09 00:00:00,-1,0.681751549243927,0.683531641960144,-0.0029937771583707466,0.0075,-2.24533286877806e-05,5,time,1
AUDUSD=X,2020-01-03 00:00:00,2020-01-09 00:00:00,-1,0.6983698606491089,0.6873801350593567,0.015365747352492055,0.0075,0.0001152431051436904,5,time,1
AUDUSD=X,2020-02-04 00:00:00,2020-02-06 00:00:00,-1,0.668999195098877,0.6751797795295715,-0.00960880454075055,0.0075,-7.206603405562912e-05,3,trailing_stop,1
AUDUSD=X,2020-03-04 00:00:00,2020-03-11 00:00:00,1,0.6586499810218811,0.6499098539352417,-0.014057155269099727,0.0075,-0.00010542866451824794,6,trailing_stop,1
AUDUSD=X,2020-04-03 00:00:00,2020-04-22 00:00:00,1,0.6068900227546692,0.6293998956680298,0.03612794843599598,0.0075,0.00027095961326996983,14,trailing_stop,1
AUDUSD=X,2020-05-05 00:00:00,2020-05-11 00:00:00,1,0.6428098678588867,0.653710126876831,0.01634987209375235,0.0075,0.00012262404070314262,5,time,1
AUDUSD=X,2021-04-05 00:00:00,2021-04-09 00:00:00,-1,0.7619001269340515,0.7659003138542175,-0.005712950421408876,0.0075,-4.284712816056657e-05,5,time,1
AUDUSD=X,2021-05-04 00:00:00,2021-05-10 00:00:00,-1,0.7761998176574707,0.7858793139457703,-0.012927236575002287,0.0075,-9.695427431251715e-05,5,trailing_stop,1
AUDUSD=X,2021-06-02 00:00:00,2021-06-02 00:00:00,1,0.7756399512290955,0.7755900025367737,-0.0004099830501508474,0.0075,-3.074872876131355e-06,1,reversal,1
AUDUSD=X,2021-06-03 00:00:00,2021-06-07 00:00:00,-1,0.7745999097824097,0.7744001746177673,-0.00011362529707694407,0.0075,-8.521897280770805e-07,3,trailing_stop,1
AUDUSD=X,2021-07-05 00:00:00,2021-07-09 00:00:00,-1,0.7516818642616272,0.7433286309242249,0.01065535812272235,0.0075,7.991518592041762e-05,5,time,1
AUDUSD=X,2021-08-03 00:00:00,2021-08-09 00:00:00,-1,0.7362398505210876,0.7337833642959595,0.00287246691603967,0.0075,2.1543501870297524e-05,5,time,1
AUDUSD=X,2021-09-03 00:00:00,2021-09-09 00:00:00,-1,0.7397817373275757,0.7363770008087158,0.004137932745801861,0.0075,3.1034495593513955e-05,5,time,1
AUDUSD=X,2021-11-02 00:00:00,2021-11-02 00:00:00,1,0.7523888349533081,0.7520498633384705,-0.0008054015838268491,0.0075,-6.040511878701368e-06,1,reversal,1
AUDUSD=X,2021-11-03 00:00:00,2021-11-09 00:00:00,-1,0.7438002228736877,0.7414799928665161,0.002651005628646631,0.0075,1.988254221484973e-05,5,time,1
AUDUSD=X,2022-01-04 00:00:00,2022-01-07 00:00:00,1,0.7196900844573975,0.7162600159645081,-0.005240882239450552,0.0075,-3.930661679587914e-05,4,trailing_stop,1
AUDUSD=X,2022-03-02 00:00:00,2022-03-02 00:00:00,1,0.7260582447052002,0.7261425852775574,-0.0002500061636681864,0.0075,-1.875046227511398e-06,1,reversal,1
AUDUSD=X,2022-03-03 00:00:00,2022-03-07 00:00:00,-1,0.7292701005935669,0.7394808530807495,-0.014393715421769428,0.0075,-0.0001079528656632707,3,trailing_stop,1
AUDUSD=X,2022-04-04 00:00:00,2022-04-04 00:00:00,1,0.7486487030982971,0.7486487030982971,-0.00035318033373875373,0.0075,-2.648852503040653e-06,1,reversal,1
AUDUSD=X,2022-04-05 00:00:00,2022-04-11 00:00:00,-1,0.7543901801109314,0.7446514964103699,0.012422440915985522,0.0075,9.316830686989141e-05,5,time,1
AUDUSD=X,2022-05-03 00:00:00,2022-05-06 00:00:00,1,0.7050997614860535,0.712100088596344,0.009457348787380066,0.0075,7.093011590535049e-05,4,trailing_stop,1
AUDUSD=X,2022-06-03 00:00:00,2022-06-16 00:00:00,-1,0.726900041103363,0.7016903758049011,0.033894454320303746,0.0075,0.0002542084074022781,10,trailing_stop,1
AUDUSD=X,2022-07-05 00:00:00,2022-07-05 00:00:00,1,0.6873797178268433,0.6873797178268433,-0.0003732615843294672,0.0075,-2.7994618824710037e-06,1,reversal,1
AUDUSD=X,2022-07-06 00:00:00,2022-07-20 00:00:00,-1,0.6793201565742493,0.6897978782653809,-0.016266170020166865,0.0075,-0.00012199627515125148,11,trailing_stop,1
AUDUSD=X,2022-08-03 00:00:00,2022-08-09 00:00:00,-1,0.6890298128128052,0.6987700462341309,-0.014634061607796092,0.0075,-0.00010975546205847068,5,trailing_stop,1
AUDUSD=X,2022-09-05 00:00:00,2022-09-05 00:00:00,-1,0.6790295243263245,0.6790295243263245,-0.00038084286374476077,0.0075,-2.8563214780857056e-06,1,reversal,1
AUDUSD=X,2022-09-06 00:00:00,2022-09-14 00:00:00,1,0.6813998818397522,0.6743001937866211,-0.011035319804715919,0.0075,-8.276489853536938e-05,7,trailing_stop,1
AUDUSD=X,2022-10-04 00:00:00,2022-10-04 00:00:00,-1,0.6501798629760742,0.6501798629760742,-0.00039652588708416904,0.0075,-2.9739441531312677e-06,1,reversal,1
AUDUSD=X,2022-10-05 00:00:00,2022-10-05 00:00:00,1,0.6514102220535278,0.6514102220535278,-0.00039774649906452824,0.0075,-2.9830987429839615e-06,1,reversal,1
AUDUSD=X,2022-10-06 00:00:00,2022-10-26 00:00:00,-1,0.651269793510437,0.6385700106620789,0.018556180249584185,0.0075,0.00013917135187188138,15,time,1
AUDUSD=X,2022-11-03 00:00:00,2022-11-07 00:00:00,-1,0.6338501572608948,0.6439315676689148,-0.016290251050022207,0.0075,-0.00012217688287516655,3,trailing_stop,1
AUDUSD=X,2022-12-02 00:00:00,2022-12-05 00:00:00,-1,0.6811015009880066,0.6813009977340698,-0.000638150207433035,0.0075,-4.786126555747763e-06,2,reversal,1
AUDUSD=X,2022-12-06 00:00:00,2022-12-16 00:00:00,1,0.6707807779312134,0.6705918908119202,-0.0013023986264688995,0.0075,-9.767989698516745e-06,9,trailing_stop,1
AUDUSD=X,2023-01-03 00:00:00,2023-01-04 00:00:00,-1,0.6805600523948669,0.6727999448776245,0.011057004177358278,0.0075,8.292753133018708e-05,2,reversal,1
AUDUSD=X,2023-01-05 00:00:00,2023-01-25 00:00:00,1,0.6829108595848083,0.7046719789505005,0.0302480511424224,0.0075,0.00022686038356816798,15,time,1
AUDUSD=X,2023-02-03 00:00:00,2023-02-09 00:00:00,-1,0.7074687480926514,0.6930001974105835,0.020171366143477983,0.0075,0.00015128524607608486,5,time,1
AUDUSD=X,2023-03-03 00:00:00,2023-03-09 00:00:00,-1,0.6735000014305115,0.6594000458717346,0.02061927253138277,0.0075,0.00015464454398537075,5,time,1
AUDUSD=X,2023-04-04 00:00:00,2023-04-10 00:00:00,-1,0.6788502335548401,0.6673500537872314,0.016627407939757824,0.0075,0.00012470555954818369,5,time,1
AUDUSD=X,2023-05-02 00:00:00,2023-05-05 00:00:00,-1,0.6622801423072815,0.6696098446846008,-0.01139030688520287,0.0075,-8.542730163902152e-05,4,trailing_stop,1
AUDUSD=X,2023-06-02 00:00:00,2023-06-07 00:00:00,-1,0.657799482345581,0.6679089665412903,-0.015730206309037664,0.0075,-0.00011797654731778247,4,trailing_stop,1
AUDUSD=X,2023-07-04 00:00:00,2023-07-10 00:00:00,-1,0.6674097180366516,0.6688382029533386,-0.002494187573497731,0.0075,-1.8706406801232982e-05,5,time,1
AUDUSD=X,2023-08-02 00:00:00,2023-08-24 00:00:00,-1,0.6617608070373535,0.6480587720870972,0.02058220249739738,0.0075,0.00015436651873048036,17,trailing_stop,1
AUDUSD=X,2023-09-04 00:00:00,2023-09-18 00:00:00,-1,0.6452862024307251,0.6440501809120178,0.0017079180661092196,0.0075,1.2809385495819145e-05,11,trailing_stop,1
AUDUSD=X,2023-10-03 00:00:00,2023-10-03 00:00:00,-1,0.6362699270248413,0.6362699270248413,-0.000366239498339235,0.0075,-2.746796237544262e-06,1,reversal,1
AUDUSD=X,2023-10-04 00:00:00,2023-10-13 00:00:00,1,0.6308901309967041,0.6316800117492676,0.00019488278034436438,0.0075,1.4616208525827328e-06,8,trailing_stop,1
AUDUSD=X,2023-11-02 00:00:00,2023-11-06 00:00:00,-1,0.642259955406189,0.6516865491867065,-0.015038576554233907,0.0075,-0.0001127893241567543,3,trailing_stop,1
AUDUSD=X,2023-12-05 00:00:00,2023-12-11 00:00:00,-1,0.6617100238800049,0.6579799652099609,0.005308822801339615,0.0075,3.981617101004711e-05,5,time,1
AUDUSD=X,2024-01-03 00:00:00,2024-01-09 00:00:00,-1,0.6765698194503784,0.6720001101493835,0.0064340216437998666,0.0075,4.8255162328498995e-05,5,time,1
AUDUSD=X,2024-02-05 00:00:00,2024-02-09 00:00:00,1,0.6505080461502075,0.6497599482536316,-0.0019523880315057349,0.0075,-1.4642910236293011e-05,5,time,1
AUDUSD=X,2024-03-05 00:00:00,2024-03-11 00:00:00,1,0.6507620811462402,0.6624314785003662,0.017131589841866558,0.0075,0.00012848692381399918,5,time,1
AUDUSD=X,2024-04-03 00:00:00,2024-04-09 00:00:00,1,0.651439905166626,0.6604998111724854,0.013111422605108924,0.0075,9.833566953831693e-05,5,time,1
AUDUSD=X,2024-05-02 00:00:00,2024-05-02 00:00:00,-1,0.653190016746521,0.653190016746521,-0.0003627700042136996,0.0075,-2.720775031602747e-06,1,reversal,1
AUDUSD=X,2024-05-03 00:00:00,2024-05-09 00:00:00,1,0.6571398973464966,0.657680094242096,2.7234379322746828e-05,0.0075,2.042578449206012e-07,5,time,1
AUDUSD=X,2024-06-04 00:00:00,2024-06-10 00:00:00,1,0.669008195400238,0.6582714915275574,-0.016837017153562877,0.0075,-0.00012627762865172158,5,trailing_stop,1
AUDUSD=X,2024-07-03 00:00:00,2024-07-09 00:00:00,1,0.6668298244476318,0.6743202209472656,0.010462522784933205,0.0075,7.846892088699904e-05,5,time,1
AUDUSD=X,2024-09-03 00:00:00,2024-09-04 00:00:00,1,0.6787299513816833,0.6714000701904297,-0.01127465273973767,0.0075,-8.455989554803252e-05,2,trailing_stop,1
AUDUSD=X,2024-09-06 00:00:00,2024-09-09 00:00:00,1,0.6740502119064331,0.6670802235603333,-0.010818159048789704,0.0075,-8.113619286592278e-05,2,trailing_stop,1
AUDUSD=X,2024-10-03 00:00:00,2024-10-07 00:00:00,1,0.6887099742889404,0.6800592541694641,-0.013048140873083772,0.0075,-9.786105654812828e-05,3,trailing_stop,1
AUDUSD=X,2024-12-03 00:00:00,2024-12-09 00:00:00,1,0.6475216150283813,0.639991819858551,-0.01228503652116042,0.0075,-9.213777390870314e-05,5,trailing_stop,1
