ticker,fiscalDateEnding,reportedDate,reportedEPS,estimatedEPS,surprise,surprisePercentage,reportTime
AMD,1996-03-31,1996-04-09,0.09,0.15,-0.06,-40,pre-market
AMD,1996-06-30,1996-07-10,-0.16,-0.11,-0.05,-45.4545,pre-market
AMD,1996-09-30,1996-10-07,-0.12,-0.18,0.06,33.3333,pre-market
AMD,1996-12-31,1997-01-13,-0.07,-0.1,0.03,30,pre-market
AMD,1997-03-31,1997-04-07,0.05,-0.01,0.06,600,pre-market
AMD,1997-06-30,1997-07-08,0.04,0.1,-0.06,-60,pre-market
AMD,1997-09-30,1997-10-07,-0.11,-0.05,-0.06,-120,pre-market
AMD,1997-12-31,1998-01-13,-0.04,-0.07,0.03,42.8571,pre-market
AMD,1998-03-31,1998-04-07,-0.19,-0.12,-0.07,-58.3333,pre-market
AMD,1998-06-30,1998-07-08,-0.22,-0.11,-0.11,-100,pre-market
AMD,1998-09-30,1998-10-06,0.01,-0.07,0.08,114.2857,pre-market
AMD,1998-12-31,1999-01-13,0.04,0.09,-0.05,-55.5556,pre-market
AMD,1999-03-31,1999-04-14,-0.4,-0.38,-0.02,-5.2632,pre-market
AMD,1999-06-30,1999-07-14,-0.55,-0.64,0.09,14.0625,pre-market
AMD,1999-09-30,1999-10-06,-0.36,-0.46,0.1,21.7391,pre-market
AMD,1999-12-31,2000-01-20,0.11,-0.01,0.12,1200,pre-market
AMD,2000-03-31,2000-04-12,0.57,0.26,0.31,119.2308,pre-market
AMD,2000-06-30,2000-07-19,0.61,0.56,0.05,8.9286,pre-market
AMD,2000-09-30,2000-10-11,0.64,0.62,0.02,3.2258,post-market
AMD,2000-12-31,2001-01-17,0.53,0.55,-0.02,-3.6364,post-market
AMD,2001-03-31,2001-04-18,0.37,0.33,0.04,12.1212,post-market
AMD,2001-06-30,2001-07-12,0.05,0.04,0.01,25,post-market
AMD,2001-09-30,2001-10-17,-0.28,-0.28,0,0,post-market
AMD,2001-12-31,2002-01-16,-0.05,-0.18,0.13,72.2222,post-market
AMD,2002-03-31,2002-04-17,-0.03,-0.06,0.03,50,post-market
AMD,2002-06-30,2002-07-17,-0.54,-0.44,-0.1,-22.7273,post-market
AMD,2002-09-30,2002-10-16,-0.74,-0.67,-0.07,-10.4478,post-market
AMD,2002-12-31,2003-01-16,-0.68,-0.43,-0.25,-58.1395,post-market
AMD,2003-03-31,2003-04-16,-0.42,-0.49,0.07,14.2857,post-market
AMD,2003-06-30,2003-07-16,-0.4,-0.55,0.15,27.2727,post-market
AMD,2003-09-30,2003-10-16,-0.11,-0.36,0.25,69.4444,post-market
AMD,2003-12-31,2004-01-20,0.09,0.04,0.05,125,post-market
AMD,2004-03-31,2004-04-14,0.12,0.03,0.09,300,post-market
AMD,2004-06-30,2004-07-14,0.09,0.09,0,0,post-market
AMD,2004-09-30,2004-10-07,0.12,0.12,0,0,post-market
AMD,2004-12-31,2005-01-18,0.05,0.07,-0.02,-28.5714,post-market
AMD,2005-03-31,2005-04-13,-0.04,0.02,-0.06,-300,post-market
AMD,2005-06-30,2005-07-13,0.03,-0.05,0.08,160,post-market
AMD,2005-09-30,2005-10-11,0.18,0.08,0.1,125,post-market
AMD,2005-12-31,2006-01-18,0.45,0.26,0.19,73.0769,post-market
AMD,2006-03-31,2006-04-12,0.42,0.3,0.12,40,post-market
AMD,2006-06-30,2006-07-20,0.18,0.2,-0.02,-10,post-market
AMD,2006-09-30,2006-10-18,0.23,0.23,0,0,post-market
AMD,2006-12-31,2007-01-23,-0.04,0.12,-0.16,-133.3333,post-market
AMD,2007-03-31,2007-04-19,-0.9,-0.43,-0.47,-109.3023,post-market
AMD,2007-06-30,2007-07-19,-0.92,-0.79,-0.13,-16.4557,post-market
AMD,2007-09-30,2007-10-18,-0.49,-0.61,0.12,19.6721,post-market
AMD,2007-12-31,2008-01-17,-0.17,-0.33,0.16,48.4848,post-market
AMD,2008-03-31,2008-04-17,-0.51,-0.47,-0.04,-8.5106,post-market
AMD,2008-06-30,2008-07-17,-0.6,-0.52,-0.08,-15.3846,post-market
AMD,2008-09-30,2008-10-16,-0.18,-0.39,0.21,53.8462,post-market
AMD,2008-12-31,2009-01-22,-0.69,-0.56,-0.13,-23.2143,post-market
AMD,2009-03-31,2009-04-21,-0.62,-0.63,0.01,1.5873,post-market
AMD,2009-06-30,2009-07-21,-0.62,-0.51,-0.11,-21.5686,post-market
AMD,2009-09-30,2009-10-15,-0.18,-0.45,0.27,60,post-market
AMD,2009-12-31,2010-01-21,-0.08,-0.05,-0.03,-60,post-market
AMD,2010-03-31,2010-04-15,0.06,-0.07,0.13,185.7143,post-market
AMD,2010-06-30,2010-07-15,0.11,0.06,0.05,83.3333,post-market
AMD,2010-09-30,2010-10-14,0.15,0.08,0.07,87.5,post-market
AMD,2010-12-31,2011-01-20,0.14,0.11,0.03,27.2727,post-market
AMD,2011-03-31,2011-04-21,0.08,0.05,0.03,60,post-market
AMD,2011-06-30,2011-07-21,0.09,0.08,0.01,12.5,post-market
AMD,2011-09-30,2011-10-27,0.15,0.1,0.05,50,post-market
AMD,2011-12-31,2012-01-24,0.19,0.16,0.03,18.75,post-market
AMD,2012-03-31,2012-04-19,0.12,0.09,0.03,33.3333,post-market
AMD,2012-06-30,2012-07-19,0.06,0.07,-0.01,-14.2857,post-market
AMD,2012-09-30,2012-10-18,-0.2,-0.16,-0.04,-25,post-market
AMD,2012-12-31,2013-01-22,-0.14,-0.21,0.07,33.3333,post-market
AMD,2013-03-31,2013-04-18,-0.13,-0.17,0.04,23.5294,post-market
AMD,2013-06-30,2013-07-18,-0.09,-0.12,0.03,25,post-market
AMD,2013-09-30,2013-10-17,0.04,0.02,0.02,100,post-market
AMD,2013-12-31,2014-01-21,0.06,0.06,0,0,post-market
AMD,2014-03-31,2014-04-17,0.02,0.01,0.01,100,post-market
AMD,2014-06-30,2014-07-17,0.02,0.03,-0.01,-33.3333,post-market
AMD,2014-09-30,2014-10-16,0.03,0.04,-0.01,-25,post-market
AMD,2014-12-31,2015-01-20,-0.09,0.01,-0.1,-1000,post-market
AMD,2015-03-31,2015-04-16,-0.09,-0.06,-0.03,-50,post-market
AMD,2015-06-30,2015-07-16,-0.17,-0.16,-0.01,-6.25,post-market
AMD,2015-09-30,2015-10-15,-0.17,-0.12,-0.05,-41.6667,post-market
AMD,2015-12-31,2016-01-19,-0.1,-0.1,0,0,post-market
AMD,2016-03-31,2016-04-21,-0.12,-0.13,0.01,7.6923,post-market
AMD,2016-06-30,2016-07-21,-0.05,-0.09,0.04,44.4444,post-market
AMD,2016-09-30,2016-10-20,0.03,0.004,0.026,650,post-market
AMD,2016-12-31,2017-01-31,-0.01,-0.02,0.01,50,post-market
AMD,2017-03-31,2017-05-01,-0.04,-0.04,0,0,post-market
AMD,2017-06-30,2017-07-25,0.02,0.0003,0.0197,6566.6667,post-market
AMD,2017-09-30,2017-10-24,0.1,0.08,0.02,25,post-market
AMD,2017-12-31,2018-01-30,0.08,0.05,0.03,60,post-market
AMD,2018-03-31,2018-04-25,0.11,0.09,0.02,22.2222,post-market
AMD,2018-06-30,2018-07-25,0.14,0.13,0.01,7.6923,post-market
AMD,2018-09-30,2018-10-24,0.13,0.12,0.01,8.3333,post-market
AMD,2018-12-31,2019-01-29,0.08,0.08,0,0,post-market
AMD,2019-03-31,2019-04-30,0.06,0.06,0,0,post-market
AMD,2019-06-30,2019-07-30,0.08,0.08,0,0,post-market
AMD,2019-09-30,2019-10-29,0.18,0.18,0,0,post-market
AMD,2019-12-31,2020-01-28,0.32,0.31,0.01,3.2258,post-market
AMD,2020-03-31,2020-04-28,0.18,0.18,0,0,post-market
AMD,2020-06-30,2020-07-28,0.18,0.17,0.01,5.8824,post-market
AMD,2020-09-30,2020-10-27,0.41,0.36,0.05,13.8889,pre-market
AMD,2020-12-31,2021-01-26,0.52,0.48,0.04,8.3333,post-market
AMD,2021-03-31,2021-04-27,0.52,0.44,0.08,18.1818,post-market
AMD,2021-06-30,2021-07-27,0.63,0.54,0.09,16.6667,post-market
AMD,2021-09-30,2021-10-26,0.73,0.66,0.07,10.6061,post-market
AMD,2021-12-31,2022-02-01,0.92,0.76,0.16,21.0526,post-market
AMD,2022-03-31,2022-05-03,1.13,0.92,0.21,22.8261,post-market
AMD,2022-06-30,2022-08-02,1.05,1.04,0.01,0.9615,post-market
AMD,2022-09-30,2022-11-01,0.67,0.7,-0.03,-4.2857,post-market
AMD,2022-12-31,2023-01-31,0.69,0.67,0.02,2.9851,post-market
AMD,2023-03-31,2023-05-02,0.6,0.56,0.04,7.1429,post-market
AMD,2023-06-30,2023-08-01,0.58,0.57,0.01,1.7544,post-market
AMD,2023-09-30,2023-10-31,0.7,0.68,0.02,2.9412,post-market
AMD,2023-12-31,2024-01-30,0.77,0.77,0,0,post-market
AMD,2024-03-31,2024-04-30,0.62,0.61,0.01,1.6393,post-market
AMD,2024-06-30,2024-07-30,0.69,0.68,0.01,1.4706,post-market
AMD,2024-09-30,2024-10-29,0.92,0.92,0,0,post-market
AMD,2024-12-31,2025-02-04,1.09,1.09,0,0,post-market
AMD,2025-03-31,2025-05-06,0.96,0.93,0.03,3.2258,post-market
AMD,2025-06-30,2025-08-05,0.48,0.48,0,0,post-market
AMD,2025-09-30,2025-11-04,1.2,1.17,0.03,2.5641,post-market
AMD,2025-12-31,2026-02-03,1.53,1.32,0.21,15.9091,post-market
AMD,2026-03-31,2026-05-05,1.37,1.29,0.08,6.2016,post-market
AMZN,1997-06-30,1997-07-10,-0.02,-0.03,0.01,33.3333,pre-market
AMZN,1997-09-30,1997-10-27,-0.03,-0.03,0,0,pre-market
AMZN,1997-12-31,1998-01-22,-0.03,-0.04,0.01,25,pre-market
AMZN,1998-03-31,1998-04-27,-0.03,-0.04,0.01,25,pre-market
AMZN,1998-06-30,1998-07-22,-0.07,-0.07,0,0,pre-market
AMZN,1998-09-30,1998-10-28,-0.08,-0.1,0.02,20,pre-market
AMZN,1998-12-31,1999-01-26,-0.07,-0.09,0.02,22.2222,pre-market
AMZN,1999-03-31,1999-04-28,-0.01,-0.01,0,0,pre-market
AMZN,1999-06-30,1999-07-21,-0.01,-0.01,0,0,pre-market
AMZN,1999-09-30,1999-10-27,-0.01,-0.01,0,0,pre-market
AMZN,1999-12-31,2000-02-02,-0.03,-0.02,-0.01,-50,pre-market
AMZN,2000-03-31,2000-04-26,-0.02,-0.02,0,0,pre-market
AMZN,2000-06-30,2000-07-26,-0.02,-0.02,0,0,pre-market
AMZN,2000-09-30,2000-10-24,-0.01,-0.01,0,0,pre-market
AMZN,2000-12-31,2001-01-30,-0.01,-0.01,0,0,pre-market
AMZN,2001-03-31,2001-04-24,-0.01,-0.01,0,0,pre-market
AMZN,2001-06-30,2001-07-23,-0.01,-0.01,0,0,pre-market
AMZN,2001-09-30,2001-10-23,-0.01,-0.01,0,0,pre-market
AMZN,2001-12-31,2002-01-22,0.09,-0.07,0.16,228.5714,pre-market
AMZN,2002-03-31,2002-04-23,-0.01,-0.01,0,0,post-market
AMZN,2002-06-30,2002-07-23,-0.01,-0.01,0,0,post-market
AMZN,2002-09-30,2002-10-24,-0.0924,-0.04,-0.0524,-131,post-market
AMZN,2002-12-31,2003-01-23,0.01,0.01,0,0,post-market
AMZN,2003-03-31,2003-04-24,0.01,0.04,-0.03,-75,post-market
AMZN,2003-06-30,2003-07-22,0.01,0.06,-0.05,-83.3333,post-market
AMZN,2003-09-30,2003-10-21,0.01,0.1,-0.09,-90,post-market
AMZN,2003-12-31,2004-01-27,0.01,0.01,0,0,post-market
AMZN,2004-03-31,2004-04-22,0.01,0.01,0,0,post-market
AMZN,2004-06-30,2004-07-22,0.01,0.01,0,0,post-market
AMZN,2004-09-30,2004-10-21,0.01,0.01,0,0,post-market
AMZN,2004-12-31,2005-02-02,0.02,0.02,0,0,post-market
AMZN,2005-03-31,2005-04-26,0.01,0.01,0,0,post-market
AMZN,2005-06-30,2005-07-26,0.01,0.01,0,0,post-market
AMZN,2005-09-30,2005-10-25,0.01,0.01,0,0,post-market
AMZN,2005-12-31,2006-02-02,0.01,0.01,0,0,post-market
AMZN,2006-03-31,2006-04-25,0.01,0.01,0,0,post-market
AMZN,2006-06-30,2006-07-25,0.05,0.06,-0.01,-16.6667,post-market
AMZN,2006-09-30,2006-10-24,0.05,0.03,0.02,66.6667,post-market
AMZN,2006-12-31,2007-02-01,0.01,0.01,0,0,post-market
AMZN,2007-03-31,2007-04-24,0.01,0.01,0,0,post-market
AMZN,2007-06-30,2007-07-24,0.01,0.01,0,0,post-market
AMZN,2007-09-30,2007-10-23,0.01,0.01,0,0,post-market
AMZN,2007-12-31,2008-01-30,0.02,0.02,0,0,post-market
AMZN,2008-03-31,2008-04-23,0.02,0.02,0,0,post-market
AMZN,2008-06-30,2008-07-23,0.02,0.01,0.01,100,post-market
AMZN,2008-09-30,2008-10-22,0.01,0.01,0,0,post-market
AMZN,2008-12-31,2009-01-29,0.03,0.02,0.01,50,post-market
AMZN,2009-03-31,2009-04-23,0.02,0.02,0,0,post-market
AMZN,2009-06-30,2009-07-23,0.02,0.02,0,0,post-market
AMZN,2009-09-30,2009-10-22,0.02,0.02,0,0,post-market
AMZN,2009-12-31,2010-01-28,0.04,0.04,0,0,post-market
AMZN,2010-03-31,2010-04-22,0.03,0.03,0,0,post-market
AMZN,2010-06-30,2010-07-22,0.02,0.03,-0.01,-33.3333,post-market
AMZN,2010-09-30,2010-10-21,0.03,0.02,0.01,50,post-market
AMZN,2010-12-31,2011-01-27,0.05,0.04,0.01,25,post-market
AMZN,2011-03-31,2011-04-26,0.02,0.03,-0.01,-33.3333,post-market
AMZN,2011-06-30,2011-07-26,0.02,0.02,0,0,post-market
AMZN,2011-09-30,2011-10-25,0.01,0.01,0,0,post-market
AMZN,2011-12-31,2012-01-31,0.02,0.01,0.01,100,post-market
AMZN,2012-03-31,2012-04-26,0.01,0.07,-0.06,-85.7143,post-market
AMZN,2012-06-30,2012-07-26,0.01,0.02,-0.01,-50,post-market
AMZN,2012-09-30,2012-10-25,-0.03,-0.08,0.05,62.5,post-market
AMZN,2012-12-31,2013-01-29,0.01,0.01,0,0,post-market
AMZN,2013-03-31,2013-04-25,0.01,0.08,-0.07,-87.5,post-market
AMZN,2013-06-30,2013-07-25,-0.02,0.05,-0.07,-140,post-market
AMZN,2013-09-30,2013-10-24,-0.09,-0.09,0,0,post-market
AMZN,2013-12-31,2014-01-30,0.03,0.03,0,0,post-market
AMZN,2014-03-31,2014-04-24,0.01,0.01,0,0,post-market
AMZN,2014-06-30,2014-07-24,-0.01,-0.01,0,0,post-market
AMZN,2014-09-30,2014-10-23,-0.05,-0.04,-0.01,-25,post-market
AMZN,2014-12-31,2015-01-29,0.02,0.01,0.01,100,post-market
AMZN,2015-03-31,2015-04-23,-0.01,-0.01,0,0,post-market
AMZN,2015-06-30,2015-07-23,0.01,-0.01,0.02,200,post-market
AMZN,2015-09-30,2015-10-22,0.01,-0.01,0.02,200,post-market
AMZN,2015-12-31,2016-01-28,0.05,0.08,-0.03,-37.5,post-market
AMZN,2016-03-31,2016-04-28,0.05,0.03,0.02,66.6667,post-market
AMZN,2016-06-30,2016-07-28,0.09,0.05,0.04,80,post-market
AMZN,2016-09-30,2016-10-27,0.03,0.04,-0.01,-25,post-market
AMZN,2016-12-31,2017-02-02,0.08,0.07,0.01,14.2857,post-market
AMZN,2017-03-31,2017-04-27,0.07,0.06,0.01,16.6667,post-market
AMZN,2017-06-30,2017-07-27,0.02,0.07,-0.05,-71.4286,post-market
AMZN,2017-09-30,2017-10-26,0.03,0.03,0,0,post-market
AMZN,2017-12-31,2018-02-01,0.11,0.09,0.02,22.2222,post-market
AMZN,2018-03-31,2018-04-26,0.16,0.06,0.1,166.6667,post-market
AMZN,2018-06-30,2018-07-26,0.25,0.13,0.12,92.3077,post-market
AMZN,2018-09-30,2018-10-25,0.29,0.15,0.14,93.3333,post-market
AMZN,2018-12-31,2019-01-31,0.3,0.28,0.02,7.1429,post-market
AMZN,2019-03-31,2019-04-25,0.35,0.23,0.12,52.1739,post-market
AMZN,2019-06-30,2019-07-25,0.26,0.28,-0.02,-7.1429,post-market
AMZN,2019-09-30,2019-10-24,0.21,0.22,-0.01,-4.5455,post-market
AMZN,2019-12-31,2020-01-30,0.32,0.2,0.12,60,post-market
AMZN,2020-03-31,2020-04-30,0.25,0.31,-0.06,-19.3548,post-market
AMZN,2020-06-30,2020-07-30,0.52,0.08,0.44,550,post-market
AMZN,2020-09-30,2020-10-29,0.62,0.38,0.24,63.1579,post-market
AMZN,2020-12-31,2021-02-02,0.7,0.35,0.35,100,post-market
AMZN,2021-03-31,2021-04-29,0.79,0.47,0.32,68.0851,post-market
AMZN,2021-06-30,2021-07-29,0.76,0.61,0.15,24.5902,post-market
AMZN,2021-09-30,2021-10-28,0.31,0.44,-0.13,-29.5455,post-market
AMZN,2021-12-31,2022-02-03,1.39,0.18,1.21,672.2222,post-market
AMZN,2022-03-31,2022-04-28,-0.38,0.42,-0.8,-190.4762,post-market
AMZN,2022-06-30,2022-07-28,-0.2,0.12,-0.32,-266.6667,post-market
AMZN,2022-09-30,2022-10-27,0.28,0.21,0.07,33.3333,post-market
AMZN,2022-12-31,2023-02-02,0.03,0.17,-0.14,-82.3529,post-market
AMZN,2023-03-31,2023-04-27,0.31,0.21,0.1,47.619,post-market
AMZN,2023-06-30,2023-08-03,0.65,0.34,0.31,91.1765,post-market
AMZN,2023-09-30,2023-10-26,0.94,0.58,0.36,62.069,post-market
AMZN,2023-12-31,2024-02-01,1,0.8,0.2,25,post-market
AMZN,2024-03-31,2024-04-30,0.98,0.82,0.16,19.5122,post-market
AMZN,2024-06-30,2024-08-01,1.26,1.02,0.24,23.5294,post-market
AMZN,2024-09-30,2024-10-31,1.43,1.14,0.29,25.4386,post-market
AMZN,2024-12-31,2025-02-06,1.86,1.4837,0.3763,25.3623,pre-market
AMZN,2025-03-31,2025-05-01,1.59,1.36,0.23,16.9118,post-market
AMZN,2025-06-30,2025-07-31,1.68,1.32,0.36,27.2727,post-market
AMZN,2025-09-30,2025-10-30,1.95,1.56,0.39,25,post-market
AMZN,2025-12-31,2026-02-05,1.95,1.95,0,0,post-market
AMZN,2026-03-31,2026-04-29,2.78,1.64,1.14,69.5122,post-market
COST,1997-11-30,1997-11-30,0.2156,None,0,None,pre-market
COST,1998-02-28,1998-02-28,0.2733,None,0,None,pre-market
COST,1998-05-31,1998-05-31,0.1834,None,0,None,pre-market
COST,1998-08-31,1998-08-31,0.3227,None,0,None,pre-market
COST,1998-11-30,1998-11-30,-0.0295,None,0,None,pre-market
COST,1999-02-28,1999-04-30,0.2282,None,0,None,pre-market
COST,1999-08-31,1999-10-06,0.4,0.38,0.02,5.2632,pre-market
COST,1999-11-30,1999-12-09,0.28,0.27,0.01,3.7037,pre-market
COST,2000-02-29,2000-05-24,0.26,0.27,-0.01,-3.7037,pre-market
COST,2000-08-31,2000-10-12,0.43,0.43,0,0,pre-market
COST,2000-11-30,2000-12-14,0.28,0.28,0,0,pre-market
COST,2001-02-28,2001-05-31,0.23,0.23,0,0,pre-market
COST,2001-05-31,2001-08-01,0.226,None,0,None,pre-market
COST,2001-08-31,2001-10-11,0.41,0.4,0.01,2.5,pre-market
COST,2001-11-30,2001-12-13,0.28,0.28,0,0,pre-market
COST,2002-02-28,2002-05-30,0.28,0.28,0,0,pre-market
COST,2002-08-31,2002-10-10,0.52,0.49,0.03,6.1224,pre-market
COST,2002-11-30,2002-12-12,0.31,0.31,0,0,pre-market
COST,2003-02-28,2003-05-28,0.33,0.31,0.02,6.4516,pre-market
COST,2003-05-31,2003-06-23,0.3209,None,0,None,pre-market
COST,2003-08-31,2003-10-08,0.51,0.47,0.04,8.5106,pre-market
COST,2003-11-30,2003-12-09,0.34,0.31,0.03,9.6774,pre-market
COST,2004-02-29,2004-05-27,0.42,0.37,0.05,13.5135,pre-market
COST,2004-05-31,2004-06-17,0.42,0.38,0.04,10.5263,pre-market
COST,2004-08-31,2004-10-07,0.62,0.58,0.04,6.8966,pre-market
COST,2004-11-30,2004-12-09,0.4,0.41,-0.01,-2.439,pre-market
COST,2005-02-28,2005-05-26,0.43,0.42,0.01,2.381,pre-market
COST,2005-08-31,2005-09-01,0.66,0.65,0.01,1.5385,pre-market
COST,2005-11-30,2005-12-08,0.45,0.45,0,0,pre-market
COST,2006-02-28,2006-03-02,0.62,0.6,0.02,3.3333,pre-market
COST,2006-05-31,2006-06-16,0.49,0.5,-0.01,-2,post-market
COST,2006-08-31,2006-10-12,0.75,0.73,0.02,2.7397,pre-market
COST,2006-11-30,2006-12-14,0.51,0.5,0.01,2,pre-market
COST,2007-02-28,2007-05-31,0.56,0.56,0,0,pre-market
COST,2007-05-31,2007-05-31,0.4922,None,0,None,pre-market
COST,2007-08-31,2007-10-10,0.91,0.83,0.08,9.6386,pre-market
COST,2007-11-30,2007-12-13,0.59,0.6,-0.01,-1.6667,pre-market
COST,2008-02-29,2008-05-29,0.67,0.66,0.01,1.5152,pre-market
COST,2008-08-31,2008-10-08,0.92,0.93,-0.01,-1.0753,pre-market
COST,2008-11-30,2008-12-11,0.6,0.62,-0.02,-3.2258,pre-market
COST,2009-02-28,2009-05-28,0.52,0.52,0,0,pre-market
COST,2009-08-31,2009-10-07,0.85,0.77,0.08,10.3896,pre-market
COST,2009-11-30,2009-12-10,0.6,0.59,0.01,1.6949,pre-market
COST,2010-02-28,2010-05-27,0.66,0.66,0,0,pre-market
COST,2010-08-31,2010-10-06,0.97,0.95,0.02,2.1053,pre-market
COST,2010-11-30,2010-12-08,0.71,0.69,0.02,2.8986,pre-market
COST,2011-02-28,2011-05-25,0.73,0.77,-0.04,-5.1948,pre-market
COST,2011-08-31,2011-10-05,1.08,1.1,-0.02,-1.8182,pre-market
COST,2011-11-30,2012-02-29,0.9,0.88,0.02,2.2727,pre-market
COST,2012-02-29,2012-05-24,0.88,0.87,0.01,1.1494,pre-market
COST,2012-08-31,2012-10-10,1.39,1.31,0.08,6.1069,pre-market
COST,2012-11-30,2012-12-12,0.95,0.93,0.02,2.1505,pre-market
COST,2013-02-28,2013-05-30,1.04,1.03,0.01,0.9709,pre-market
COST,2013-08-31,2013-10-09,1.4,1.46,-0.06,-4.1096,pre-market
COST,2013-11-30,2013-12-11,0.96,1.02,-0.06,-5.8824,pre-market
COST,2014-02-28,2014-03-06,1.07,1.09,-0.02,-1.8349,pre-market
COST,2014-05-31,2014-07-23,0,1.09,-1.09,-100,pre-market
COST,2014-08-31,2014-10-08,1.58,1.52,0.06,3.9474,pre-market
COST,2014-11-30,2014-12-10,1.12,1.09,0.03,2.7523,pre-market
COST,2015-02-28,2015-03-05,1.17,1.15,0.02,1.7391,post-market
COST,2015-05-31,2015-07-24,0,1.67,-1.67,-100,pre-market
COST,2015-08-31,2015-09-30,1.73,1.66,0.07,4.2169,post-market
COST,2015-11-30,2015-12-08,1.09,1.17,-0.08,-6.8376,post-market
COST,2016-02-29,2016-03-02,1.24,1.22,0.02,1.6393,post-market
COST,2016-08-31,2016-09-29,1.77,1.73,0.04,2.3121,post-market
COST,2016-11-30,2016-12-07,1.24,1.19,0.05,4.2017,post-market
COST,2017-02-28,2017-03-02,1.59,1.3,0.29,22.3077,post-market
COST,2017-08-31,2017-10-05,2.08,2.02,0.06,2.9703,post-market
COST,2017-11-30,2017-12-14,1.36,1.35,0.01,0.7407,post-market
COST,2018-02-28,2018-03-07,1.7,1.7,0,0,post-market
COST,2018-05-31,2018-06-01,1.6979,None,0,None,pre-market
COST,2018-08-31,2018-10-04,2.36,2.36,0,0,post-market
COST,2018-11-30,2018-12-13,1.61,1.62,-0.01,-0.6173,post-market
COST,2019-02-28,2019-03-07,2.05,1.81,0.24,13.2597,post-market
COST,2019-05-31,2019-05-31,2.0468,None,0,None,pre-market
COST,2019-08-31,2019-10-03,2.69,2.54,0.15,5.9055,post-market
COST,2019-11-30,2019-12-12,1.9,1.71,0.19,11.1111,post-market
COST,2020-02-29,2020-03-05,1.89,1.89,0,0,post-market
COST,2020-08-31,2020-09-24,3.13,2.81,0.32,11.3879,post-market
COST,2020-11-30,2020-12-10,2.29,2.04,0.25,12.2549,post-market
COST,2021-02-28,2021-03-04,2.75,2.28,0.47,20.614,post-market
COST,2021-05-31,2021-06-03,2.75,None,0,None,pre-market
COST,2021-08-31,2021-09-23,3.76,3.57,0.19,5.3221,pre-market
COST,2021-11-30,2021-12-09,2.98,2.64,0.34,12.8788,pre-market
COST,2022-02-28,2022-03-03,2.92,3.03,-0.11,-3.6304,pre-market
COST,2022-05-31,2022-06-02,3.04,None,0,None,pre-market
COST,2022-08-31,2022-09-22,4.2,4.17,0.03,0.7194,pre-market
COST,2022-11-30,2022-12-08,3.07,3.11,-0.04,-1.2862,pre-market
COST,2023-02-28,2023-03-02,3.3,3.29,0.01,0.304,pre-market
COST,2023-05-31,2023-06-01,2.93,3.43,-0.5,-14.5773,pre-market
COST,2023-08-31,2023-09-26,4.86,4.79,0.07,1.4614,pre-market
COST,2023-11-30,2023-12-14,3.58,3.42,0.16,4.6784,pre-market
COST,2024-02-29,2024-03-07,3.71,3.6,0.11,3.0556,post-market
COST,2024-05-31,2024-06-06,3.78,3.7,0.08,2.1622,post-market
COST,2024-08-31,2024-09-26,5.29,5.08,0.21,4.1339,post-market
COST,2024-11-30,2024-12-12,4.04,3.8,0.24,6.3158,pre-market
COST,2025-02-28,2025-03-06,4.02,4.23,-0.21,-4.9645,pre-market
COST,2025-05-31,2025-06-05,4.28,4.2278,0.0522,1.2347,pre-market
COST,2025-08-31,2025-09-25,5.87,5.82,0.05,0.8591,pre-market
COST,2025-11-30,2025-12-11,4.5,4.27,0.23,5.3864,pre-market
COST,2026-02-28,2026-03-05,4.93,4.54,0.39,8.5903,post-market
COST,2026-05-31,2026-05-28,4.93,4.98,-0.05,-1.004,pre-market
ETSY,2015-03-31,2015-05-19,-0.2,0.03,-0.23,-766.6667,post-market
ETSY,2015-06-30,2015-08-04,-0.07,-0.08,0.01,12.5,post-market
ETSY,2015-09-30,2015-11-03,-0.04,-0.02,-0.02,-100,post-market
ETSY,2015-12-31,2016-02-23,-0.04,-0.01,-0.03,-300,post-market
ETSY,2016-03-31,2016-05-03,0.01,-0.04,0.05,125,post-market
ETSY,2016-06-30,2016-08-02,-0.06,-0.02,-0.04,-200,post-market
ETSY,2016-09-30,2016-11-01,0.02,-0.02,0.04,200,post-market
ETSY,2016-12-31,2017-02-28,-0.19,0.02,-0.21,-1050,post-market
ETSY,2017-03-31,2017-05-02,0.0386,0.01,0.0286,286,post-market
ETSY,2017-06-30,2017-08-03,0.11,0.04,0.07,175,post-market
ETSY,2017-09-30,2017-11-06,0.21,0.08,0.13,162.5,post-market
ETSY,2017-12-31,2018-02-27,0.17,0.09,0.08,88.8889,post-market
ETSY,2018-03-31,2018-05-08,0.1,0.06,0.04,66.6667,post-market
ETSY,2018-06-30,2018-08-06,0.12,0.09,0.03,33.3333,post-market
ETSY,2018-09-30,2018-11-06,0.23,0.14,0.09,64.2857,post-market
ETSY,2018-12-31,2019-02-25,0.32,0.21,0.11,52.381,post-market
ETSY,2019-03-31,2019-05-08,0.3,0.24,0.06,25,post-market
ETSY,2019-06-30,2019-08-01,0.23,0.21,0.02,9.5238,post-market
ETSY,2019-09-30,2019-10-30,0.25,0.21,0.04,19.0476,post-market
ETSY,2019-12-31,2020-02-26,0.25,0.16,0.09,56.25,post-market
ETSY,2020-03-31,2020-05-06,0.3,0.26,0.04,15.3846,post-market
ETSY,2020-06-30,2020-08-05,0.82,0.48,0.34,70.8333,post-market
ETSY,2020-09-30,2020-10-28,0.93,0.67,0.26,38.806,post-market
ETSY,2020-12-31,2021-02-25,1.08,0.59,0.49,83.0508,post-market
ETSY,2021-03-31,2021-05-05,1.07,0.92,0.15,16.3043,post-market
ETSY,2021-06-30,2021-08-04,0.87,0.74,0.13,17.5676,post-market
ETSY,2021-09-30,2021-11-03,0.9,0.68,0.22,32.3529,post-market
ETSY,2021-12-31,2022-02-24,1.11,0.79,0.32,40.5063,post-market
ETSY,2022-03-31,2022-05-04,0.92,0.75,0.17,22.6667,post-market
ETSY,2022-06-30,2022-07-27,0.51,0.32,0.19,59.375,post-market
ETSY,2022-09-30,2022-11-02,1.07,0.77,0.3,38.961,post-market
ETSY,2022-12-31,2023-02-22,0.77,0.8,-0.03,-3.75,post-market
ETSY,2023-03-31,2023-05-03,0.96,0.9,0.06,6.6667,post-market
ETSY,2023-06-30,2023-08-02,1.47,0.9,0.57,63.3333,post-market
ETSY,2023-09-30,2023-11-01,0.64,0.51,0.13,25.4902,post-market
ETSY,2023-12-31,2024-02-21,0.62,0.77,-0.15,-19.4805,post-market
ETSY,2024-03-31,2024-05-01,0.96,0.99,-0.03,-3.0303,post-market
ETSY,2024-06-30,2024-07-31,0.98,0.98,0,0,post-market
ETSY,2024-09-30,2024-10-30,0.45,0.53,-0.08,-15.0943,post-market
ETSY,2024-12-31,2025-02-19,1.03,0.9394,0.0906,9.6445,pre-market
ETSY,2025-03-31,2025-04-30,-0.49,0.47,-0.96,-204.2553,pre-market
ETSY,2025-06-30,2025-07-30,0.69,1.09,-0.4,-36.6972,pre-market
ETSY,2025-09-30,2025-10-29,1.02,1.04,-0.02,-1.9231,pre-market
ETSY,2025-12-31,2026-02-19,0.92,0.85,0.07,8.2353,pre-market
ETSY,2026-03-31,2026-04-29,0.6,0.4588,0.1412,30.7759,pre-market
GOOGL,2004-09-30,2004-10-21,0.0175,0.014,0.0035,25,pre-market
GOOGL,2004-12-31,2005-02-01,0.023,0.0195,0.0035,17.9487,pre-market
GOOGL,2005-03-31,2005-04-21,0.0325,0.023,0.0095,41.3043,pre-market
GOOGL,2005-06-30,2005-07-21,0.034,0.0305,0.0035,11.4754,pre-market
GOOGL,2005-09-30,2005-10-20,0.038,0.034,0.004,11.7647,pre-market
GOOGL,2005-12-31,2006-01-31,0.0385,0.044,-0.0055,-12.5,pre-market
GOOGL,2006-03-31,2006-04-20,0.0575,0.0495,0.008,16.1616,pre-market
GOOGL,2006-06-30,2006-07-20,0.0625,0.0555,0.007,12.6126,pre-market
GOOGL,2006-09-30,2006-10-19,0.0655,0.0605,0.005,8.2645,pre-market
GOOGL,2006-12-31,2007-01-31,0.0795,0.073,0.0065,8.9041,pre-market
GOOGL,2007-03-31,2007-04-19,0.092,0.0825,0.0095,11.5152,pre-market
GOOGL,2007-06-30,2007-07-19,0.089,0.09,-0.001,-1.1111,pre-market
GOOGL,2007-09-30,2007-10-18,0.098,0.0945,0.0035,3.7037,pre-market
GOOGL,2007-12-31,2008-01-31,0.111,0.111,0,0,pre-market
GOOGL,2008-03-31,2008-04-17,0.121,0.113,0.008,7.0796,pre-market
GOOGL,2008-06-30,2008-07-17,0.116,0.1185,-0.0025,-2.1097,pre-market
GOOGL,2008-09-30,2008-10-16,0.123,0.1185,0.0045,3.7975,pre-market
GOOGL,2008-12-31,2009-01-22,0.1275,0.124,0.0035,2.8226,pre-market
GOOGL,2009-03-31,2009-04-16,0.129,0.123,0.006,4.878,pre-market
GOOGL,2009-06-30,2009-07-16,0.134,0.127,0.007,5.5118,pre-market
GOOGL,2009-09-30,2009-10-15,0.1475,0.1355,0.012,8.8561,pre-market
GOOGL,2009-12-31,2010-01-21,0.17,0.162,0.008,4.9383,pre-market
GOOGL,2010-03-31,2010-04-15,0.169,0.165,0.004,2.4242,pre-market
GOOGL,2010-06-30,2010-07-15,0.1615,0.163,-0.0015,-0.9202,pre-market
GOOGL,2010-09-30,2010-10-14,0.191,0.1675,0.0235,14.0299,pre-market
GOOGL,2010-12-31,2011-01-20,0.219,0.2025,0.0165,8.1481,pre-market
GOOGL,2011-03-31,2011-04-14,0.202,0.2025,-0.0005,-0.2469,pre-market
GOOGL,2011-06-30,2011-07-14,0.2185,0.1965,0.022,11.1959,pre-market
GOOGL,2011-09-30,2011-10-13,0.243,0.2185,0.0245,11.2128,pre-market
GOOGL,2011-12-31,2012-01-19,0.2375,0.2625,-0.025,-9.5238,pre-market
GOOGL,2012-03-31,2012-04-12,0.252,0.2415,0.0105,4.3478,pre-market
GOOGL,2012-06-30,2012-07-19,0.253,0.251,0.002,0.7968,pre-market
GOOGL,2012-09-30,2012-10-18,0.2255,0.2665,-0.041,-15.3846,pre-market
GOOGL,2012-12-31,2013-01-22,0.265,0.2605,0.0045,1.7274,pre-market
GOOGL,2013-03-31,2013-04-18,0.2895,0.2665,0.023,8.6304,pre-market
GOOGL,2013-06-30,2013-07-18,0.239,0.2695,-0.0305,-11.3173,pre-market
GOOGL,2013-09-30,2013-10-17,0.2685,0.2585,0.01,3.8685,pre-market
GOOGL,2013-12-31,2014-01-30,0.3005,0.305,-0.0045,-1.4754,pre-market
GOOGL,2014-03-31,2014-04-16,0.3135,0.3205,-0.007,-2.1841,pre-market
GOOGL,2014-06-30,2014-07-17,0.304,0.312,-0.008,-2.5641,pre-market
GOOGL,2014-09-30,2014-10-16,0.3175,0.3265,-0.009,-2.7565,post-market
GOOGL,2014-12-31,2015-01-29,0.344,0.3555,-0.0115,-3.2349,post-market
GOOGL,2015-03-31,2015-04-23,0.3285,0.33,-0.0015,-0.4545,post-market
GOOGL,2015-06-30,2015-07-16,0.3495,0.335,0.0145,4.3284,post-market
GOOGL,2015-09-30,2015-10-22,0.3675,0.3605,0.007,1.9417,post-market
GOOGL,2015-12-31,2016-02-01,0.4335,0.4055,0.028,6.9051,post-market
GOOGL,2016-03-31,2016-04-21,0.375,0.3985,-0.0235,-5.8971,post-market
GOOGL,2016-06-30,2016-07-28,0.421,0.4015,0.0195,4.8568,post-market
GOOGL,2016-09-30,2016-10-27,0.453,0.4315,0.0215,4.9826,post-market
GOOGL,2016-12-31,2017-01-26,0.468,0.4825,-0.0145,-3.0052,post-market
GOOGL,2017-03-31,2017-04-27,0.3865,0.3695,0.017,4.6008,post-market
GOOGL,2017-06-30,2017-07-24,0.2505,0.2245,0.026,11.5813,post-market
GOOGL,2017-09-30,2017-10-26,0.4785,0.4165,0.062,14.886,post-market
GOOGL,2017-12-31,2018-02-01,0.485,0.499,-0.014,-2.8056,post-market
GOOGL,2018-03-31,2018-04-23,0.6665,0.464,0.2025,43.6422,post-market
GOOGL,2018-06-30,2018-07-23,0.227,0.4795,-0.2525,-52.659,post-market
GOOGL,2018-09-30,2018-10-25,0.653,0.521,0.132,25.3359,post-market
GOOGL,2018-12-31,2019-02-04,0.6385,0.541,0.0975,18.0222,post-market
GOOGL,2019-03-31,2019-04-29,0.475,0.5305,-0.0555,-10.4618,post-market
GOOGL,2019-06-30,2019-07-25,0.7105,0.565,0.1455,25.7522,post-market
GOOGL,2019-09-30,2019-10-28,0.506,0.621,-0.115,-18.5185,post-market
GOOGL,2019-12-31,2020-02-03,0.7675,0.6265,0.141,22.506,post-market
GOOGL,2020-03-31,2020-04-28,0.4935,0.519,-0.0255,-4.9133,post-market
GOOGL,2020-06-30,2020-07-30,0.51,0.41,0.1,24.3902,post-market
GOOGL,2020-09-30,2020-10-29,0.82,0.56,0.26,46.4286,post-market
GOOGL,2020-12-31,2021-02-02,1.12,0.79,0.33,41.7722,post-market
GOOGL,2021-03-31,2021-04-27,1.31,0.78,0.53,67.9487,post-market
GOOGL,2021-06-30,2021-07-27,1.36,0.96,0.4,41.6667,post-market
GOOGL,2021-09-30,2021-10-26,1.4,1.17,0.23,19.6581,post-market
GOOGL,2021-12-31,2022-02-01,1.53,1.36,0.17,12.5,post-market
GOOGL,2022-03-31,2022-04-26,1.23,1.29,-0.06,-4.6512,post-market
GOOGL,2022-06-30,2022-07-26,1.21,1.27,-0.06,-4.7244,post-market
GOOGL,2022-09-30,2022-10-25,1.06,1.25,-0.19,-15.2,post-market
GOOGL,2022-12-31,2023-02-02,1.05,1.19,-0.14,-11.7647,post-market
GOOGL,2023-03-31,2023-04-25,1.17,1.07,0.1,9.3458,post-market
GOOGL,2023-06-30,2023-07-25,1.44,1.34,0.1,7.4627,post-market
GOOGL,2023-09-30,2023-10-24,1.55,1.45,0.1,6.8966,post-market
GOOGL,2023-12-31,2024-01-30,1.64,1.59,0.05,3.1447,post-market
GOOGL,2024-03-31,2024-04-25,1.89,1.51,0.38,25.1656,post-market
GOOGL,2024-06-30,2024-07-23,1.89,1.85,0.04,2.1622,post-market
GOOGL,2024-09-30,2024-10-29,2.12,1.85,0.27,14.5946,post-market
GOOGL,2024-12-31,2025-02-04,2.15,2.13,0.02,0.939,post-market
GOOGL,2025-03-31,2025-04-24,2.81,2.01,0.8,39.801,post-market
GOOGL,2025-06-30,2025-07-23,2.31,2.19,0.12,5.4795,post-market
GOOGL,2025-09-30,2025-10-29,2.87,2.32,0.55,23.7069,post-market
GOOGL,2025-12-31,2026-02-04,2.82,2.63,0.19,7.2243,post-market
GOOGL,2026-03-31,2026-04-29,5.11,2.53,2.58,101.9763,post-market
GOOGL,2026-06-30,2026-07-21,9.11,2.88,6.23,216.3194,post-market
JPM,1996-03-31,1996-04-16,0.66,0.55,0.11,20,pre-market
JPM,1996-06-30,1996-07-16,0.6,0.58,0.02,3.4483,pre-market
JPM,1996-09-30,1996-10-15,0.61,0.61,0,0,pre-market
JPM,1996-12-31,1997-01-21,0.63,0.63,0,0,pre-market
JPM,1997-03-31,1997-04-15,0.67,0.66,0.01,1.5152,pre-market
JPM,1997-06-30,1997-07-15,0.7,0.69,0.01,1.4493,pre-market
JPM,1997-09-30,1997-10-21,0.75,0.72,0.03,4.1667,pre-market
JPM,1997-12-31,1998-01-20,0.63,0.64,-0.01,-1.5625,pre-market
JPM,1998-03-31,1998-04-21,0.78,0.75,0.03,4,pre-market
JPM,1998-06-30,1998-07-21,0.83,0.79,0.04,5.0633,pre-market
JPM,1998-09-30,1998-10-20,0.55,0.52,0.03,5.7692,pre-market
JPM,1998-12-31,1999-01-19,0.87,0.79,0.08,10.1266,pre-market
JPM,1999-03-31,1999-04-20,0.91,0.83,0.08,9.6386,pre-market
JPM,1999-06-30,1999-07-21,1.03,0.9,0.13,14.4444,pre-market
JPM,1999-09-30,1999-10-20,0.91,0.88,0.03,3.4091,pre-market
JPM,1999-12-31,2000-01-19,1.32,0.87,0.45,51.7241,pre-market
JPM,2000-03-31,2000-04-19,1.06,1.02,0.04,3.9216,pre-market
JPM,2000-06-30,2000-07-19,0.95,0.85,0.1,11.7647,pre-market
JPM,2000-09-30,2000-10-18,0.68,0.94,-0.26,-27.6596,pre-market
JPM,2000-12-31,2001-01-17,0.37,0.89,-0.52,-58.427,pre-market
JPM,2001-03-31,2001-04-18,0.7,0.65,0.05,7.6923,pre-market
JPM,2001-06-30,2001-07-18,0.33,0.64,-0.31,-48.4375,pre-market
JPM,2001-09-30,2001-10-17,0.51,0.51,0,0,pre-market
JPM,2001-12-31,2002-01-16,0.12,0.35,-0.23,-65.7143,pre-market
JPM,2002-03-31,2002-04-17,0.57,0.53,0.04,7.5472,pre-market
JPM,2002-06-30,2002-07-17,0.58,0.65,-0.07,-10.7692,pre-market
JPM,2002-09-30,2002-10-16,0.16,0.07,0.09,128.5714,pre-market
JPM,2002-12-31,2003-01-22,-0.07,-0.07,0,0,pre-market
JPM,2003-03-31,2003-04-16,0.69,0.5,0.19,38,pre-market
JPM,2003-06-30,2003-07-16,0.89,0.62,0.27,43.5484,pre-market
JPM,2003-09-30,2003-10-22,0.78,0.76,0.02,2.6316,pre-market
JPM,2003-12-31,2004-01-21,0.89,0.77,0.12,15.5844,pre-market
JPM,2004-03-31,2004-04-21,0.92,0.87,0.05,5.7471,pre-market
JPM,2004-06-30,2004-07-21,0.85,0.83,0.02,2.4096,pre-market
JPM,2004-09-30,2004-10-20,0.6,0.74,-0.14,-18.9189,pre-market
JPM,2004-12-31,2005-01-19,0.64,0.69,-0.05,-7.2464,pre-market
JPM,2005-03-31,2005-04-20,0.81,0.7,0.11,15.7143,pre-market
JPM,2005-06-30,2005-07-20,0.66,0.65,0.01,1.5385,pre-market
JPM,2005-09-30,2005-10-19,0.75,0.72,0.03,4.1667,pre-market
JPM,2005-12-31,2006-01-18,0.73,0.73,0,0,pre-market
JPM,2006-03-31,2006-04-19,0.86,0.83,0.03,3.6145,pre-market
JPM,2006-06-30,2006-07-19,0.92,0.87,0.05,5.7471,pre-market
JPM,2006-09-30,2006-10-18,0.91,0.86,0.05,5.814,pre-market
JPM,2006-12-31,2007-01-17,1.01,0.94,0.07,7.4468,pre-market
JPM,2007-03-31,2007-04-18,1.23,1.02,0.21,20.5882,pre-market
JPM,2007-06-30,2007-07-18,1.2,1.08,0.12,11.1111,pre-market
JPM,2007-09-30,2007-10-17,0.97,0.9,0.07,7.7778,pre-market
JPM,2007-12-31,2008-01-16,0.86,0.91,-0.05,-5.4945,pre-market
JPM,2008-03-31,2008-04-16,0.68,0.65,0.03,4.6154,pre-market
JPM,2008-06-30,2008-07-17,0.54,0.44,0.1,22.7273,pre-market
JPM,2008-09-30,2008-10-15,-0.06,-0.29,0.23,79.3103,pre-market
JPM,2008-12-31,2009-01-15,-0.28,0.01,-0.29,-2900,pre-market
JPM,2009-03-31,2009-04-16,0.4,0.3,0.1,33.3333,pre-market
JPM,2009-06-30,2009-07-16,0.28,0.06,0.22,366.6667,pre-market
JPM,2009-09-30,2009-10-14,0.82,0.53,0.29,54.717,pre-market
JPM,2009-12-31,2010-01-15,0.74,0.61,0.13,21.3115,pre-market
JPM,2010-03-31,2010-04-14,0.74,0.64,0.1,15.625,pre-market
JPM,2010-06-30,2010-07-15,1.09,0.74,0.35,47.2973,pre-market
JPM,2010-09-30,2010-10-13,1.01,0.9,0.11,12.2222,pre-market
JPM,2010-12-31,2011-01-14,1.12,1.01,0.11,10.8911,pre-market
JPM,2011-03-31,2011-04-13,1.28,1.16,0.12,10.3448,pre-market
JPM,2011-06-30,2011-07-14,1.27,1.2,0.07,5.8333,pre-market
JPM,2011-09-30,2011-10-13,1.02,0.91,0.11,12.0879,pre-market
JPM,2011-12-31,2012-01-13,0.9,0.91,-0.01,-1.0989,pre-market
JPM,2012-03-31,2012-04-13,1.31,1.17,0.14,11.9658,pre-market
JPM,2012-06-30,2012-07-13,1.21,0.82,0.39,47.561,pre-market
JPM,2012-09-30,2012-10-12,1.4,1.23,0.17,13.8211,pre-market
JPM,2012-12-31,2013-01-16,1.39,1.21,0.18,14.876,pre-market
JPM,2013-03-31,2013-04-12,1.59,1.38,0.21,15.2174,pre-market
JPM,2013-06-30,2013-07-12,1.6,1.45,0.15,10.3448,pre-market
JPM,2013-09-30,2013-10-11,1.42,1.28,0.14,10.9375,pre-market
JPM,2013-12-31,2014-01-14,1.4,1.33,0.07,5.2632,pre-market
JPM,2014-03-31,2014-04-11,1.28,1.4,-0.12,-8.5714,pre-market
JPM,2014-06-30,2014-07-15,1.46,1.3,0.16,12.3077,pre-market
JPM,2014-09-30,2014-10-14,1.62,1.38,0.24,17.3913,pre-market
JPM,2014-12-31,2015-01-14,1.19,1.32,-0.13,-9.8485,pre-market
JPM,2015-03-31,2015-04-14,1.45,1.41,0.04,2.8369,pre-market
JPM,2015-06-30,2015-07-14,1.54,1.44,0.1,6.9444,pre-market
JPM,2015-09-30,2015-10-13,1.32,1.37,-0.05,-3.6496,post-market
JPM,2015-12-31,2016-01-14,1.32,1.26,0.06,4.7619,pre-market
JPM,2016-03-31,2016-04-13,1.35,1.26,0.09,7.1429,pre-market
JPM,2016-06-30,2016-07-14,1.55,1.43,0.12,8.3916,pre-market
JPM,2016-09-30,2016-10-14,1.58,1.39,0.19,13.6691,pre-market
JPM,2016-12-31,2017-01-13,1.58,1.42,0.16,11.2676,pre-market
JPM,2017-03-31,2017-04-13,1.65,1.51,0.14,9.2715,pre-market
JPM,2017-06-30,2017-07-14,1.71,1.59,0.12,7.5472,pre-market
JPM,2017-09-30,2017-10-12,1.76,1.66,0.1,6.0241,pre-market
JPM,2017-12-31,2018-01-12,1.76,1.69,0.07,4.142,pre-market
JPM,2018-03-31,2018-04-13,2.26,2.29,-0.03,-1.31,pre-market
JPM,2018-06-30,2018-07-13,2.29,2.22,0.07,3.1532,pre-market
JPM,2018-09-30,2018-10-12,2.34,2.26,0.08,3.5398,pre-market
JPM,2018-12-31,2019-02-26,1.98,2.19,-0.21,-9.589,pre-market
JPM,2019-03-31,2019-04-12,2.65,2.35,0.3,12.766,pre-market
JPM,2019-06-30,2019-07-16,2.82,2.49,0.33,13.253,pre-market
JPM,2019-09-30,2019-10-15,2.68,2.45,0.23,9.3878,pre-market
JPM,2019-12-31,2020-01-14,2.57,2.36,0.21,8.8983,pre-market
JPM,2020-03-31,2020-04-14,2.89,2.2,0.69,31.3636,pre-market
JPM,2020-06-30,2020-07-14,1.08,1.21,-0.13,-10.7438,pre-market
JPM,2020-09-30,2020-10-13,3.09,2.24,0.85,37.9464,pre-market
JPM,2020-12-31,2021-01-15,3.07,2.65,0.42,15.8491,pre-market
JPM,2021-03-31,2021-04-14,4.59,3.06,1.53,50,pre-market
JPM,2021-06-30,2021-07-13,3.78,3.17,0.61,19.2429,pre-market
JPM,2021-09-30,2021-10-13,3.55,3,0.55,18.3333,pre-market
JPM,2021-12-31,2022-01-14,3.33,3.03,0.3,9.901,pre-market
JPM,2022-03-31,2022-04-13,2.63,2.71,-0.08,-2.952,pre-market
JPM,2022-06-30,2022-07-14,2.76,2.9,-0.14,-4.8276,pre-market
JPM,2022-09-30,2022-10-14,3.12,2.85,0.27,9.4737,pre-market
JPM,2022-12-31,2023-01-13,3.57,3.1,0.47,15.1613,pre-market
JPM,2023-03-31,2023-04-14,4.1,3.41,0.69,20.2346,pre-market
JPM,2023-06-30,2023-07-14,4.75,4,0.75,18.75,pre-market
JPM,2023-09-30,2023-10-13,4.33,3.96,0.37,9.3434,pre-market
JPM,2023-12-31,2024-01-12,3.04,3.6,-0.56,-15.5556,pre-market
JPM,2024-03-31,2024-04-12,4.44,4.13,0.31,7.5061,pre-market
JPM,2024-06-30,2024-07-12,6.12,5.09,1.03,20.2358,pre-market
JPM,2024-09-30,2024-10-11,4.37,3.99,0.38,9.5238,pre-market
JPM,2024-12-31,2025-01-15,4.81,4.04,0.77,19.0594,pre-market
JPM,2025-03-31,2025-04-11,5.07,4.64,0.43,9.2672,pre-market
JPM,2025-06-30,2025-07-15,4.96,4.48,0.48,10.7143,pre-market
JPM,2025-09-30,2025-10-14,5.07,4.87,0.2,4.1068,pre-market
JPM,2025-12-31,2026-01-13,4.63,4.82,-0.19,-3.9419,pre-market
JPM,2026-03-31,2026-04-14,5.94,5.51,0.43,7.804,pre-market
JPM,2026-06-30,2026-07-14,6.14,5.59,0.55,9.839,pre-market
META,2012-03-31,2012-05-30,0.0645,None,0,None,pre-market
META,2012-06-30,2012-07-26,-0.08,-0.14,0.06,42.8571,post-market
META,2012-09-30,2012-10-23,-0.02,0.06,-0.08,-133.3333,post-market
META,2012-12-31,2013-01-30,0.03,-0.01,0.04,400,post-market
META,2013-03-31,2013-05-01,0.09,0.08,0.01,12.5,post-market
META,2013-06-30,2013-07-24,0.19,0.14,0.05,35.7143,post-market
META,2013-09-30,2013-10-30,0.17,0.12,0.05,41.6667,post-market
META,2013-12-31,2014-01-29,0.2,0.2,0,0,post-market
META,2014-03-31,2014-04-23,0.25,0.17,0.08,47.0588,post-market
META,2014-06-30,2014-07-23,0.3,0.24,0.06,25,post-market
META,2014-09-30,2014-10-28,0.3,0.31,-0.01,-3.2258,post-market
META,2014-12-31,2015-01-28,0.25,0.23,0.02,8.6957,post-market
META,2015-03-31,2015-04-22,0.18,0.16,0.02,12.5,post-market
META,2015-06-30,2015-07-29,0.25,0.24,0.01,4.1667,post-market
META,2015-09-30,2015-11-04,0.57,0.52,0.05,9.6154,post-market
META,2015-12-31,2016-01-27,0.54,0.42,0.12,28.5714,post-market
META,2016-03-31,2016-04-27,0.52,0.4,0.12,30,post-market
META,2016-06-30,2016-07-27,0.71,0.57,0.14,24.5614,post-market
META,2016-09-30,2016-11-02,0.82,0.71,0.11,15.493,post-market
META,2016-12-31,2017-02-01,1.21,1.04,0.17,16.3462,post-market
META,2017-03-31,2017-05-03,1.04,0.87,0.17,19.5402,post-market
META,2017-06-30,2017-07-26,1.32,1.12,0.2,17.8571,post-market
META,2017-09-30,2017-11-01,1.59,1.28,0.31,24.2188,post-market
META,2017-12-31,2018-01-31,2.21,1.97,0.24,12.1827,post-market
META,2018-03-31,2018-04-25,1.69,1.35,0.34,25.1852,post-market
META,2018-06-30,2018-07-25,1.74,1.71,0.03,1.7544,post-market
META,2018-09-30,2018-10-30,1.76,1.45,0.31,21.3793,post-market
META,2018-12-31,2019-01-30,2.38,2.18,0.2,9.1743,post-market
META,2019-03-31,2019-04-24,0.85,1.61,-0.76,-47.205,post-market
META,2019-06-30,2019-07-24,0.91,1.85,-0.94,-50.8108,post-market
META,2019-09-30,2019-10-30,2.12,1.91,0.21,10.9948,post-market
META,2019-12-31,2020-01-29,2.56,2.53,0.03,1.1858,post-market
META,2020-03-31,2020-04-29,1.71,1.7,0.01,0.5882,post-market
META,2020-06-30,2020-07-30,1.8,1.37,0.43,31.3869,post-market
META,2020-09-30,2020-10-29,2.71,1.91,0.8,41.8848,post-market
META,2020-12-31,2021-01-27,3.88,3.2,0.68,21.25,post-market
META,2021-03-31,2021-04-28,3.3,2.35,0.95,40.4255,post-market
META,2021-06-30,2021-07-28,3.61,3.01,0.6,19.9336,post-market
META,2021-09-30,2021-10-25,3.22,3.18,0.04,1.2579,post-market
META,2021-12-31,2022-02-02,3.67,3.83,-0.16,-4.1775,post-market
META,2022-03-31,2022-04-27,2.72,2.55,0.17,6.6667,post-market
META,2022-06-30,2022-07-27,2.46,2.55,-0.09,-3.5294,post-market
META,2022-09-30,2022-10-26,1.64,1.86,-0.22,-11.828,post-market
META,2022-12-31,2023-02-01,1.76,2.24,-0.48,-21.4286,post-market
META,2023-03-31,2023-04-26,2.2,1.98,0.22,11.1111,post-market
META,2023-06-30,2023-07-26,2.98,2.91,0.07,2.4055,post-market
META,2023-09-30,2023-10-25,4.39,3.63,0.76,20.9366,post-market
META,2023-12-31,2024-02-01,5.33,4.96,0.37,7.4597,post-market
META,2024-03-31,2024-04-24,4.71,4.32,0.39,9.0278,post-market
META,2024-06-30,2024-07-31,5.16,4.76,0.4,8.4034,post-market
META,2024-09-30,2024-10-30,6.03,5.29,0.74,13.9887,post-market
META,2024-12-31,2025-01-29,8.02,6.68,1.34,20.0599,post-market
META,2025-03-31,2025-04-30,6.43,5.22,1.21,23.1801,post-market
META,2025-06-30,2025-07-30,7.14,5.9,1.24,21.0169,post-market
META,2025-09-30,2025-10-29,7.25,6.71,0.54,8.0477,post-market
META,2025-12-31,2026-01-28,8.88,8.22,0.66,8.0292,post-market
META,2026-03-31,2026-04-29,10.44,6.66,3.78,56.7568,post-market
MSFT,1996-03-31,1996-04-18,0.06,0.05,0.01,20,pre-market
MSFT,1996-06-30,1996-07-22,0.05,0.05,0,0,pre-market
MSFT,1996-09-30,1996-10-21,0.06,0.06,0,0,pre-market
MSFT,1996-12-31,1997-01-17,0.07,0.06,0.01,16.6667,pre-market
MSFT,1997-03-31,1997-04-17,0.1,0.08,0.02,25,pre-market
MSFT,1997-06-30,1997-07-17,0.1,0.1,0,0,pre-market
MSFT,1997-09-30,1997-10-20,0.09,0.09,0,0,pre-market
MSFT,1997-12-31,1998-01-21,0.11,0.1,0.01,10,pre-market
MSFT,1998-03-31,1998-04-22,0.13,0.12,0.01,8.3333,pre-market
MSFT,1998-06-30,1998-07-16,0.13,0.12,0.01,8.3333,pre-market
MSFT,1998-09-30,1998-10-20,0.14,0.12,0.02,16.6667,pre-market
MSFT,1998-12-31,1999-01-19,0.18,0.15,0.03,20,pre-market
MSFT,1999-03-31,1999-04-20,0.19,0.16,0.03,18.75,pre-market
MSFT,1999-06-30,1999-07-19,0.2,0.18,0.02,11.1111,pre-market
MSFT,1999-09-30,1999-10-19,0.19,0.17,0.02,11.7647,pre-market
MSFT,1999-12-31,2000-01-18,0.24,0.21,0.03,14.2857,pre-market
MSFT,2000-03-31,2000-04-20,0.22,0.2,0.02,10,pre-market
MSFT,2000-06-30,2000-07-18,0.22,0.21,0.01,4.7619,pre-market
MSFT,2000-09-30,2000-10-18,0.23,0.21,0.02,9.5238,pre-market
MSFT,2000-12-31,2001-01-18,0.24,0.23,0.01,4.3478,pre-market
MSFT,2001-03-31,2001-04-19,0.22,0.21,0.01,4.7619,pre-market
MSFT,2001-06-30,2001-07-19,0.22,0.21,0.01,4.7619,post-market
MSFT,2001-09-30,2001-10-18,0.22,0.2,0.02,10,post-market
MSFT,2001-12-31,2002-01-17,0.25,0.22,0.03,13.6364,post-market
MSFT,2002-03-31,2002-04-18,0.25,0.25,0,0,post-market
MSFT,2002-06-30,2002-07-18,0.21,0.21,0,0,post-market
MSFT,2002-09-30,2002-10-17,0.28,0.21,0.07,33.3333,post-market
MSFT,2002-12-31,2003-01-16,0.27,0.23,0.04,17.3913,post-market
MSFT,2003-03-31,2003-04-15,0.26,0.23,0.03,13.0435,post-market
MSFT,2003-06-30,2003-07-17,0.23,0.23,0,0,post-market
MSFT,2003-09-30,2003-10-23,0.3,0.29,0.01,3.4483,post-market
MSFT,2003-12-31,2004-01-22,0.34,0.3,0.04,13.3333,post-market
MSFT,2004-03-31,2004-04-22,0.34,0.29,0.05,17.2414,post-market
MSFT,2004-06-30,2004-07-22,0.28,0.28,0,0,post-market
MSFT,2004-09-30,2004-10-21,0.31,0.3,0.01,3.3333,post-market
MSFT,2004-12-31,2005-01-27,0.35,0.33,0.02,6.0606,post-market
MSFT,2005-03-31,2005-04-28,0.32,0.32,0,0,post-market
MSFT,2005-06-30,2005-07-21,0.33,0.31,0.02,6.4516,post-market
MSFT,2005-09-30,2005-10-27,0.34,0.34,0,0,post-market
MSFT,2005-12-31,2006-01-26,0.36,0.36,0,0,post-market
MSFT,2006-03-31,2006-04-27,0.32,0.33,-0.01,-3.0303,post-market
MSFT,2006-06-30,2006-07-20,0.31,0.3,0.01,3.3333,post-market
MSFT,2006-09-30,2006-10-26,0.35,0.31,0.04,12.9032,post-market
MSFT,2006-12-31,2007-01-25,0.26,0.24,0.02,8.3333,post-market
MSFT,2007-03-31,2007-04-26,0.5,0.46,0.04,8.6957,post-market
MSFT,2007-06-30,2007-07-19,0.31,0.34,-0.03,-8.8235,post-market
MSFT,2007-09-30,2007-10-25,0.45,0.39,0.06,15.3846,post-market
MSFT,2007-12-31,2008-01-24,0.5,0.46,0.04,8.6957,post-market
MSFT,2008-03-31,2008-04-24,0.47,0.44,0.03,6.8182,post-market
MSFT,2008-06-30,2008-07-17,0.46,0.47,-0.01,-2.1277,post-market
MSFT,2008-09-30,2008-10-23,0.48,0.47,0.01,2.1277,post-market
MSFT,2008-12-31,2009-01-22,0.47,0.49,-0.02,-4.0816,pre-market
MSFT,2009-03-31,2009-04-23,0.39,0.39,0,0,post-market
MSFT,2009-06-30,2009-07-23,0.36,0.36,0,0,post-market
MSFT,2009-09-30,2009-10-23,0.4,0.32,0.08,25,pre-market
MSFT,2009-12-31,2010-01-28,0.74,0.59,0.15,25.4237,post-market
MSFT,2010-03-31,2010-04-22,0.45,0.42,0.03,7.1429,post-market
MSFT,2010-06-30,2010-07-22,0.51,0.46,0.05,10.8696,post-market
MSFT,2010-09-30,2010-10-28,0.62,0.55,0.07,12.7273,post-market
MSFT,2010-12-31,2011-01-27,0.77,0.68,0.09,13.2353,post-market
MSFT,2011-03-31,2011-04-28,0.61,0.56,0.05,8.9286,post-market
MSFT,2011-06-30,2011-07-21,0.69,0.58,0.11,18.9655,post-market
MSFT,2011-09-30,2011-10-20,0.68,0.68,0,0,post-market
MSFT,2011-12-31,2012-01-19,0.78,0.76,0.02,2.6316,post-market
MSFT,2012-03-31,2012-04-19,0.6,0.58,0.02,3.4483,post-market
MSFT,2012-06-30,2012-07-19,0.73,0.62,0.11,17.7419,post-market
MSFT,2012-09-30,2012-10-18,0.53,0.56,-0.03,-5.3571,post-market
MSFT,2012-12-31,2013-01-24,0.76,0.76,0,0,post-market
MSFT,2013-03-31,2013-04-18,0.72,0.67,0.05,7.4627,post-market
MSFT,2013-06-30,2013-07-18,0.66,0.74,-0.08,-10.8108,post-market
MSFT,2013-09-30,2013-10-24,0.62,0.54,0.08,14.8148,post-market
MSFT,2013-12-31,2014-01-23,0.78,0.68,0.1,14.7059,post-market
MSFT,2014-03-31,2014-04-24,0.68,0.63,0.05,7.9365,post-market
MSFT,2014-06-30,2014-07-22,0.55,0.6,-0.05,-8.3333,post-market
MSFT,2014-09-30,2014-10-23,0.65,0.54,0.11,20.3704,post-market
MSFT,2014-12-31,2015-01-26,0.77,0.74,0.03,4.0541,post-market
MSFT,2015-03-31,2015-04-23,0.62,0.53,0.09,16.9811,post-market
MSFT,2015-06-30,2015-07-21,0.62,0.57,0.05,8.7719,post-market
MSFT,2015-09-30,2015-10-22,0.67,0.59,0.08,13.5593,post-market
MSFT,2015-12-31,2016-01-28,0.78,0.71,0.07,9.8592,post-market
MSFT,2016-03-31,2016-04-21,0.62,0.64,-0.02,-3.125,post-market
MSFT,2016-06-30,2016-07-19,0.69,0.58,0.11,18.9655,post-market
MSFT,2016-09-30,2016-10-20,0.76,0.68,0.08,11.7647,post-market
MSFT,2016-12-31,2017-01-26,0.84,0.79,0.05,6.3291,post-market
MSFT,2017-03-31,2017-04-27,0.73,0.7,0.03,4.2857,post-market
MSFT,2017-06-30,2017-07-20,0.98,0.71,0.27,38.0282,post-market
MSFT,2017-09-30,2017-10-26,0.84,0.73,0.11,15.0685,post-market
MSFT,2017-12-31,2018-01-31,0.96,0.87,0.09,10.3448,post-market
MSFT,2018-03-31,2018-04-26,0.95,0.85,0.1,11.7647,post-market
MSFT,2018-06-30,2018-07-19,1.13,1.08,0.05,4.6296,post-market
MSFT,2018-09-30,2018-10-24,1.14,0.97,0.17,17.5258,post-market
MSFT,2018-12-31,2019-01-30,1.1,1.09,0.01,0.9174,post-market
MSFT,2019-03-31,2019-04-24,1.14,1,0.14,14,post-market
MSFT,2019-06-30,2019-07-18,1.37,1.21,0.16,13.2231,post-market
MSFT,2019-09-30,2019-10-23,1.38,1.24,0.14,11.2903,post-market
MSFT,2019-12-31,2020-01-29,1.51,1.32,0.19,14.3939,post-market
MSFT,2020-03-31,2020-04-29,1.4,1.27,0.13,10.2362,post-market
MSFT,2020-06-30,2020-07-22,1.46,1.37,0.09,6.5693,post-market
MSFT,2020-09-30,2020-10-27,1.82,1.55,0.27,17.4194,post-market
MSFT,2020-12-31,2021-01-26,2.03,1.64,0.39,23.7805,post-market
MSFT,2021-03-31,2021-04-27,1.95,1.78,0.17,9.5506,post-market
MSFT,2021-06-30,2021-07-27,2.17,1.93,0.24,12.4352,pre-market
MSFT,2021-09-30,2021-10-26,2.71,2.08,0.63,30.2885,post-market
MSFT,2021-12-31,2022-01-25,2.48,2.32,0.16,6.8966,post-market
MSFT,2022-03-31,2022-04-26,2.22,2.2,0.02,0.9091,post-market
MSFT,2022-06-30,2022-07-26,2.23,2.29,-0.06,-2.6201,pre-market
MSFT,2022-09-30,2022-10-25,2.35,2.31,0.04,1.7316,post-market
MSFT,2022-12-31,2023-01-24,2.2,2.32,-0.12,-5.1724,post-market
MSFT,2023-03-31,2023-04-25,2.45,2.23,0.22,9.8655,post-market
MSFT,2023-06-30,2023-07-25,2.69,2.55,0.14,5.4902,pre-market
MSFT,2023-09-30,2023-10-24,2.99,2.65,0.34,12.8302,post-market
MSFT,2023-12-31,2024-01-30,2.93,2.78,0.15,5.3957,post-market
MSFT,2024-03-31,2024-04-25,2.94,2.84,0.1,3.5211,post-market
MSFT,2024-06-30,2024-07-30,2.95,2.94,0.01,0.3401,post-market
MSFT,2024-09-30,2024-10-30,3.3,3.11,0.19,6.1093,post-market
MSFT,2024-12-31,2025-01-29,3.23,3.12,0.11,3.5256,post-market
MSFT,2025-03-31,2025-04-30,3.46,3.22,0.24,7.4534,post-market
MSFT,2025-06-30,2025-07-30,3.65,3.38,0.27,7.9882,post-market
MSFT,2025-09-30,2025-10-29,3.72,3.66,0.06,1.6393,post-market
MSFT,2025-12-31,2026-01-28,5.16,3.92,1.24,31.6327,post-market
MSFT,2026-03-31,2026-04-29,4.27,4.09,0.18,4.401,post-market
NFLX,2002-06-30,2002-07-24,-0.0939,None,0,None,post-market
NFLX,2002-09-30,2002-10-17,-0.0055,-0.01,0.0045,45,post-market
NFLX,2002-12-31,2003-01-15,-0.0117,-0.01,-0.0017,-17,post-market
NFLX,2003-03-31,2003-04-17,-0.0142,-0.01,-0.0042,-42,post-market
NFLX,2003-06-30,2003-07-17,0.01,0.01,0,0,post-market
NFLX,2003-09-30,2003-10-15,0.01,0.01,0,0,post-market
NFLX,2003-12-31,2004-01-21,0.01,0.01,0,0,post-market
NFLX,2004-03-31,2004-04-15,-0.0161,None,0,None,post-market
NFLX,2004-06-30,2004-07-15,0.02,0.02,0,0,post-market
NFLX,2004-09-30,2004-10-14,0.01,0.05,-0.04,-80,post-market
NFLX,2004-12-31,2005-01-24,0.02,0.01,0.01,100,post-market
NFLX,2005-03-31,2005-04-21,-0.01,-0.03,0.02,66.6667,post-market
NFLX,2005-06-30,2005-07-25,0.02,-0.01,0.03,300,post-market
NFLX,2005-09-30,2005-10-19,0.03,0.02,0.01,50,post-market
NFLX,2005-12-31,2006-01-24,0.01,0.02,-0.01,-50,post-market
NFLX,2006-03-31,2006-04-24,0.01,0.01,0,0,post-market
NFLX,2006-06-30,2006-07-24,0.04,0.03,0.01,33.3333,post-market
NFLX,2006-09-30,2006-10-23,0.03,0.02,0.01,50,post-market
NFLX,2006-12-31,2007-01-24,0.03,0.02,0.01,50,post-market
NFLX,2007-03-31,2007-04-18,0.02,0.03,-0.01,-33.3333,pre-market
NFLX,2007-06-30,2007-07-23,0.01,0.04,-0.03,-75,post-market
NFLX,2007-09-30,2007-10-22,0.04,0.02,0.02,100,post-market
NFLX,2007-12-31,2008-01-23,0.04,0.02,0.02,100,post-market
NFLX,2008-03-31,2008-04-21,0.03,0.03,0,0,post-market
NFLX,2008-06-30,2008-07-25,0.01,0.01,0,0,pre-market
NFLX,2008-09-30,2008-10-20,0.01,0.05,-0.04,-80,post-market
NFLX,2008-12-31,2009-01-26,0.01,0.01,0,0,post-market
NFLX,2009-03-31,2009-04-23,0.01,0.01,0,0,post-market
NFLX,2009-06-30,2009-07-23,0.01,0.01,0,0,post-market
NFLX,2009-09-30,2009-10-22,0.01,0.01,0,0,post-market
NFLX,2009-12-31,2010-01-27,0.01,0.01,0,0,post-market
NFLX,2010-03-31,2010-04-21,0.01,0.01,0,0,post-market
NFLX,2010-06-30,2010-07-21,0.01,0.01,0,0,post-market
NFLX,2010-09-30,2010-10-20,0.01,0.01,0,0,post-market
NFLX,2010-12-31,2011-01-26,0.01,0.01,0,0,post-market
NFLX,2011-03-31,2011-04-25,0.02,0.02,0,0,post-market
NFLX,2011-06-30,2011-07-25,0.02,0.02,0,0,post-market
NFLX,2011-09-30,2011-10-24,0.02,0.01,0.01,100,post-market
NFLX,2011-12-31,2012-01-25,0.01,0.01,0,0,post-market
NFLX,2012-03-31,2012-04-23,-0.01,-0.04,0.03,75,post-market
NFLX,2012-06-30,2012-07-24,0.02,0.01,0.01,100,post-market
NFLX,2012-09-30,2012-10-23,0.02,0.01,0.01,100,post-market
NFLX,2012-12-31,2013-01-23,0.02,-0.02,0.04,200,post-market
NFLX,2013-03-31,2013-04-22,0.04,0.03,0.01,33.3333,post-market
NFLX,2013-06-30,2013-07-22,0.01,0.01,0,0,post-market
NFLX,2013-09-30,2013-10-21,0.01,0.01,0,0,post-market
NFLX,2013-12-31,2014-01-22,0.01,0.01,0,0,post-market
NFLX,2014-03-31,2014-04-21,0.01,0.01,0,0,post-market
NFLX,2014-06-30,2014-07-21,0.02,0.02,0,0,post-market
NFLX,2014-09-30,2014-10-15,0.01,0.01,0,0,post-market
NFLX,2014-12-31,2015-01-20,0.02,0.01,0.01,100,post-market
NFLX,2015-03-31,2015-04-15,0.01,0.01,0,0,post-market
NFLX,2015-06-30,2015-07-15,0.01,0.04,-0.03,-75,post-market
NFLX,2015-09-30,2015-10-14,0.01,0.01,0,0,post-market
NFLX,2015-12-31,2016-01-19,0.01,0.02,-0.01,-50,post-market
NFLX,2016-03-31,2016-04-18,0.01,0.03,-0.02,-66.6667,post-market
NFLX,2016-06-30,2016-07-18,0.01,0.02,-0.01,-50,post-market
NFLX,2016-09-30,2016-10-17,0.01,0.01,0,0,post-market
NFLX,2016-12-31,2017-01-18,0.02,0.01,0.01,100,post-market
NFLX,2017-03-31,2017-04-17,0.04,0.04,0,0,post-market
NFLX,2017-06-30,2017-07-17,0.02,0.02,0,0,post-market
NFLX,2017-09-30,2017-10-16,0.03,0.03,0,0,post-market
NFLX,2017-12-31,2018-01-22,0.04,0.04,0,0,post-market
NFLX,2018-03-31,2018-04-16,0.06,0.06,0,0,post-market
NFLX,2018-06-30,2018-07-16,0.09,0.08,0.01,12.5,post-market
NFLX,2018-09-30,2018-10-16,0.09,0.07,0.02,28.5714,post-market
NFLX,2018-12-31,2019-01-17,0.03,0.02,0.01,50,post-market
NFLX,2019-03-31,2019-04-16,0.08,0.06,0.02,33.3333,post-market
NFLX,2019-06-30,2019-07-17,0.06,0.06,0,0,post-market
NFLX,2019-09-30,2019-10-16,0.15,0.1,0.05,50,post-market
NFLX,2019-12-31,2020-01-21,0.13,0.05,0.08,160,post-market
NFLX,2020-03-31,2020-04-21,0.16,0.16,0,0,post-market
NFLX,2020-06-30,2020-07-16,0.16,0.18,-0.02,-11.1111,post-market
NFLX,2020-09-30,2020-10-20,0.17,0.21,-0.04,-19.0476,post-market
NFLX,2020-12-31,2021-01-19,0.12,0.14,-0.02,-14.2857,post-market
NFLX,2021-03-31,2021-04-20,0.38,0.3,0.08,26.6667,post-market
NFLX,2021-06-30,2021-07-20,0.3,0.32,-0.02,-6.25,post-market
NFLX,2021-09-30,2021-10-19,0.32,0.26,0.06,23.0769,post-market
NFLX,2021-12-31,2022-01-20,0.13,0.08,0.05,62.5,post-market
NFLX,2022-03-31,2022-04-19,0.35,0.29,0.06,20.6897,post-market
NFLX,2022-06-30,2022-07-19,0.32,0.29,0.03,10.3448,post-market
NFLX,2022-09-30,2022-10-18,0.31,0.21,0.1,47.619,post-market
NFLX,2022-12-31,2023-01-19,0.01,0.05,-0.04,-80,post-market
NFLX,2023-03-31,2023-04-18,0.29,0.29,0,0,post-market
NFLX,2023-06-30,2023-07-19,0.33,0.29,0.04,13.7931,post-market
NFLX,2023-09-30,2023-10-18,0.37,0.35,0.02,5.7143,post-market
NFLX,2023-12-31,2024-01-23,0.21,0.22,-0.01,-4.5455,post-market
NFLX,2024-03-31,2024-04-18,0.52,0.45,0.07,15.5556,post-market
NFLX,2024-06-30,2024-07-18,0.49,0.47,0.02,4.2553,post-market
NFLX,2024-09-30,2024-10-17,0.54,0.51,0.03,5.8824,post-market
NFLX,2024-12-31,2025-01-21,0.43,0.42,0.01,2.381,post-market
NFLX,2025-03-31,2025-04-17,0.66,0.57,0.09,15.7895,post-market
NFLX,2025-06-30,2025-07-17,0.72,0.7,0.02,2.8571,post-market
NFLX,2025-09-30,2025-10-21,0.59,0.7,-0.11,-15.7143,post-market
NFLX,2025-12-31,2026-01-20,0.56,0.55,0.01,1.8182,post-market
NFLX,2026-03-31,2026-04-16,1.23,1.25,-0.02,-1.6,post-market
NFLX,2026-06-30,2026-07-16,0.8,0.79,0.01,1.2658,post-market
NVDA,1999-04-30,1999-05-18,0.002,0.001,0.001,100,pre-market
NVDA,1999-07-31,1999-08-18,0.002,0.002,0,0,pre-market
NVDA,1999-10-31,1999-11-18,0.001,0.002,-0.001,-50,pre-market
NVDA,2000-01-31,2000-02-15,0.001,0.001,0,0,pre-market
NVDA,2000-04-30,2000-05-16,0.001,0.001,0,0,pre-market
NVDA,2000-07-31,2000-08-21,0.001,0.001,0,0,pre-market
NVDA,2000-10-31,2000-11-09,0.001,0.001,0,0,pre-market
NVDA,2001-01-31,2001-02-15,0.001,0.002,-0.001,-50,pre-market
NVDA,2001-04-30,2001-05-22,0.002,0.002,0,0,pre-market
NVDA,2001-07-31,2001-08-14,0.002,0.002,0,0,pre-market
NVDA,2001-10-31,2001-11-08,0.002,0.002,0,0,pre-market
NVDA,2002-01-31,2002-02-14,0.004,0.003,0.001,33.3333,pre-market
NVDA,2002-04-30,2002-05-22,0.004,0.004,0,0,pre-market
NVDA,2002-07-31,2002-08-15,0.001,0.001,0,0,pre-market
NVDA,2002-10-31,2002-11-07,0.001,0.001,0,0,pre-market
NVDA,2003-01-31,2003-02-13,0.001,0.002,-0.001,-50,pre-market
NVDA,2003-04-30,2003-05-08,0.001,0.001,0,0,pre-market
NVDA,2003-07-31,2003-08-07,0.001,0.001,0,0,pre-market
NVDA,2003-10-31,2003-11-06,0.001,0.001,0,0,pre-market
NVDA,2004-01-31,2004-02-12,0.003,0.001,0.002,200,pre-market
NVDA,2004-04-30,2004-05-06,0.002,0.001,0.001,100,pre-market
NVDA,2004-07-31,2004-08-05,0.002,0.001,0.001,100,pre-market
NVDA,2004-10-31,2004-11-04,0.002,0.001,0.001,100,pre-market
NVDA,2005-01-31,2005-02-17,0.003,0.002,0.001,50,pre-market
NVDA,2005-04-30,2005-05-12,0.006,0.002,0.004,200,pre-market
NVDA,2005-07-31,2005-08-11,0.003,0.003,0,0,pre-market
NVDA,2005-10-31,2005-11-09,0.004,0.003,0.001,33.3333,pre-market
NVDA,2006-01-31,2006-02-16,0.004,0.004,0,0,pre-market
NVDA,2006-04-30,2006-05-11,0.005,0.005,0,0,pre-market
NVDA,2006-07-31,2006-08-10,0.0038,None,0,None,pre-market
NVDA,2006-10-31,2006-11-09,0.007,0.006,0.001,16.6667,pre-market
NVDA,2007-01-31,2007-02-13,0.009,0.007,0.002,28.5714,pre-market
NVDA,2007-04-30,2007-05-10,0.007,0.006,0.001,16.6667,pre-market
NVDA,2007-07-31,2007-08-09,0.009,0.007,0.002,28.5714,pre-market
NVDA,2007-10-31,2007-11-08,0.011,0.009,0.002,22.2222,pre-market
NVDA,2008-01-31,2008-02-13,0.012,0.012,0,0,pre-market
NVDA,2008-04-30,2008-05-08,0.009,0.01,-0.001,-10,pre-market
NVDA,2008-07-31,2008-08-12,0.003,0.003,0,0,pre-market
NVDA,2008-10-31,2008-11-06,0.005,0.003,0.002,66.6667,pre-market
NVDA,2009-01-31,2009-02-10,-0.004,-0.002,-0.002,-100,pre-market
NVDA,2009-04-30,2009-05-07,-0.002,-0.003,0.001,33.3333,pre-market
NVDA,2009-07-31,2009-08-06,0.002,-0.001,0.003,300,pre-market
NVDA,2009-10-31,2009-11-05,0.005,0.003,0.002,66.6667,pre-market
NVDA,2010-01-31,2010-02-17,0.006,0.005,0.001,20,pre-market
NVDA,2010-04-30,2010-05-13,0.006,0.005,0.001,20,pre-market
NVDA,2010-07-31,2010-08-12,0.001,0.003,-0.002,-66.6667,pre-market
NVDA,2010-10-31,2010-11-11,0.004,0.004,0,0,pre-market
NVDA,2011-01-31,2011-02-16,0.006,0.004,0.002,50,pre-market
NVDA,2011-04-30,2011-05-12,0.006,0.005,0.001,20,pre-market
NVDA,2011-07-31,2011-08-11,0.006,0.006,0,0,pre-market
NVDA,2011-10-31,2011-11-10,0.007,0.006,0.001,16.6667,pre-market
NVDA,2012-01-31,2012-02-15,0.005,0.005,0,0,pre-market
NVDA,2012-04-30,2012-05-11,0.003,0.002,0.001,50,pre-market
NVDA,2012-07-31,2012-08-09,0.006,0.004,0.002,50,pre-market
NVDA,2012-10-31,2012-11-08,0.008,0.007,0.001,14.2857,pre-market
NVDA,2013-01-31,2013-02-13,0.007,0.006,0.001,16.6667,pre-market
NVDA,2013-04-30,2013-05-09,0.0045,0.002,0.0025,125,pre-market
NVDA,2013-07-31,2013-08-08,0.004,0.003,0.001,33.3333,pre-market
NVDA,2013-10-31,2013-11-07,0.005,0.005,0,0,pre-market
NVDA,2014-01-31,2014-02-12,0.006,0.005,0.001,20,pre-market
NVDA,2014-04-30,2014-05-06,0.006,0.004,0.002,50,pre-market
NVDA,2014-07-31,2014-08-07,0.006,0.005,0.001,20,pre-market
NVDA,2014-10-31,2014-11-06,0.008,0.007,0.001,14.2857,post-market
NVDA,2015-01-31,2015-02-11,0.009,0.007,0.002,28.5714,post-market
NVDA,2015-04-30,2015-05-07,0.006,0.006,0,0,post-market
NVDA,2015-07-31,2015-08-06,0.004,0.003,0.001,33.3333,post-market
NVDA,2015-10-31,2015-11-05,0.011,0.006,0.005,83.3333,post-market
NVDA,2016-01-31,2016-02-17,0.009,0.008,0.001,12.5,post-market
NVDA,2016-04-30,2016-05-12,0.008,0.008,0,0,post-market
NVDA,2016-07-31,2016-08-11,0.01,0.009,0.001,11.1111,post-market
NVDA,2016-10-31,2016-11-10,0.021,0.014,0.007,50,post-market
NVDA,2017-01-31,2017-02-09,0.025,0.021,0.004,19.0476,post-market
NVDA,2017-04-30,2017-05-09,0.02,0.016,0.004,25,post-market
NVDA,2017-07-31,2017-08-10,0.023,0.017,0.006,35.2941,post-market
NVDA,2017-10-31,2017-11-09,0.033,0.024,0.009,37.5,post-market
NVDA,2018-01-31,2018-02-08,0.039,0.029,0.01,34.4828,post-market
NVDA,2018-04-30,2018-05-10,0.051,0.04,0.011,27.5,post-market
NVDA,2018-07-31,2018-08-16,0.049,0.044,0.005,11.3636,post-market
NVDA,2018-10-31,2018-11-15,0.046,0.047,-0.001,-2.1277,post-market
NVDA,2019-01-31,2019-02-14,0.02,0.019,0.001,5.2632,post-market
NVDA,2019-04-30,2019-05-16,0.022,0.02,0.002,10,post-market
NVDA,2019-07-31,2019-08-15,0.031,0.029,0.002,6.8966,post-market
NVDA,2019-10-31,2019-11-14,0.045,0.039,0.006,15.3846,post-market
NVDA,2020-01-31,2020-02-13,0.0473,0.05,-0.0027,-5.4,post-market
NVDA,2020-04-30,2020-05-21,0.045,0.042,0.003,7.1429,post-market
NVDA,2020-07-31,2020-08-19,0.055,0.049,0.006,12.2449,post-market
NVDA,2020-10-31,2020-11-18,0.073,0.064,0.009,14.0625,post-market
NVDA,2021-01-31,2021-02-24,0.0775,0.08,-0.0025,-3.125,post-market
NVDA,2021-04-30,2021-05-26,0.0915,0.0822,0.0093,11.3139,post-market
NVDA,2021-07-31,2021-08-18,0.104,0.102,0.002,1.9608,post-market
NVDA,2021-10-31,2021-11-17,0.117,0.111,0.006,5.4054,post-market
NVDA,2022-01-31,2022-02-16,0.132,0.123,0.009,7.3171,post-market
NVDA,2022-04-30,2022-05-25,0.136,0.13,0.006,4.6154,post-market
NVDA,2022-07-31,2022-08-24,0.051,0.0499,0.0011,2.2044,post-market
NVDA,2022-10-31,2022-11-16,0.058,0.071,-0.013,-18.3099,post-market
NVDA,2023-01-31,2023-02-22,0.088,0.081,0.007,8.642,post-market
NVDA,2023-04-30,2023-05-24,0.109,0.092,0.017,18.4783,post-market
NVDA,2023-07-31,2023-08-23,0.27,0.207,0.063,30.4348,post-market
NVDA,2023-10-31,2023-11-21,0.402,0.336,0.066,19.6429,post-market
NVDA,2024-01-31,2024-02-21,0.516,0.461,0.055,11.9306,post-market
NVDA,2024-04-30,2024-05-22,0.612,0.559,0.053,9.4812,post-market
NVDA,2024-07-31,2024-08-28,0.68,0.63,0.05,7.9365,post-market
NVDA,2024-10-31,2024-11-20,0.81,0.75,0.06,8,post-market
NVDA,2025-01-31,2025-02-26,0.89,0.85,0.04,4.7059,post-market
NVDA,2025-04-30,2025-05-28,0.81,0.75,0.06,8,post-market
NVDA,2025-07-31,2025-08-27,1.05,1.01,0.04,3.9604,post-market
NVDA,2025-10-31,2025-11-19,1.3,1.26,0.04,3.1746,post-market
NVDA,2026-01-31,2026-02-25,1.62,1.54,0.08,5.1948,post-market
NVDA,2026-04-30,2026-05-20,1.87,1.77,0.1,5.6497,post-market
TSLA,2010-06-30,2010-08-05,-0.0271,None,0,None,pre-market
TSLA,2010-09-30,2010-11-09,-0.03,-0.03,0,0,post-market
TSLA,2010-12-31,2011-02-15,-0.04,-0.03,-0.01,-33.3333,post-market
TSLA,2011-03-31,2011-05-04,-0.03,-0.03,0,0,post-market
TSLA,2011-06-30,2011-08-03,-0.04,-0.03,-0.01,-33.3333,post-market
TSLA,2011-09-30,2011-11-02,-0.04,-0.04,0,0,post-market
TSLA,2011-12-31,2012-02-15,-0.05,-0.04,-0.01,-25,post-market
TSLA,2012-03-31,2012-05-09,-0.05,-0.05,0,0,post-market
TSLA,2012-06-30,2012-07-25,-0.06,-0.06,0,0,post-market
TSLA,2012-09-30,2012-11-05,-0.06,-0.06,0,0,pre-market
TSLA,2012-12-31,2013-02-20,-0.04,-0.03,-0.01,-33.3333,post-market
TSLA,2013-03-31,2013-05-08,0.01,0.04,-0.03,-75,post-market
TSLA,2013-06-30,2013-08-07,0.01,-0.01,0.02,200,post-market
TSLA,2013-09-30,2013-11-05,0.01,0.01,0,0,post-market
TSLA,2013-12-31,2014-02-19,0.02,0.01,0.01,100,post-market
TSLA,2014-03-31,2014-05-07,0.01,0.1,-0.09,-90,post-market
TSLA,2014-06-30,2014-07-31,0.01,0.04,-0.03,-75,post-market
TSLA,2014-09-30,2014-11-05,0.02,-0.01,0.03,300,post-market
TSLA,2014-12-31,2015-02-11,-0.01,0.02,-0.03,-150,post-market
TSLA,2015-03-31,2015-05-06,-0.02,-0.03,0.01,33.3333,post-market
TSLA,2015-06-30,2015-08-05,-0.03,-0.04,0.01,25,post-market
TSLA,2015-09-30,2015-11-03,-0.04,-0.04,0,0,post-market
TSLA,2015-12-31,2016-02-10,-0.06,0.01,-0.07,-700,post-market
TSLA,2016-03-31,2016-05-04,-0.04,-0.04,0,0,post-market
TSLA,2016-06-30,2016-08-03,-0.07,-0.04,-0.03,-75,post-market
TSLA,2016-09-30,2016-10-26,0.05,-0.08,0.13,162.5,post-market
TSLA,2016-12-31,2017-02-22,-0.14,-0.21,0.07,33.3333,post-market
TSLA,2017-03-31,2017-05-03,-0.09,-0.05,-0.04,-80,post-market
TSLA,2017-06-30,2017-08-02,-0.09,-0.13,0.04,30.7692,post-market
TSLA,2017-09-30,2017-11-01,-0.19,-0.15,-0.04,-26.6667,post-market
TSLA,2017-12-31,2018-02-07,-0.2,-0.21,0.01,4.7619,post-market
TSLA,2018-03-31,2018-05-02,-0.22,-0.24,0.02,8.3333,post-market
TSLA,2018-06-30,2018-08-01,-0.2,-0.19,-0.01,-5.2632,post-market
TSLA,2018-09-30,2018-10-24,0.19,0.03,0.16,533.3333,post-market
TSLA,2018-12-31,2019-01-30,0.13,0.14,-0.01,-7.1429,post-market
TSLA,2019-03-31,2019-04-24,-0.19,-0.06,-0.13,-216.6667,post-market
TSLA,2019-06-30,2019-07-24,-0.07,-0.03,-0.04,-133.3333,post-market
TSLA,2019-09-30,2019-10-23,0.12,-0.02,0.14,700,post-market
TSLA,2019-12-31,2020-01-29,0.14,0.12,0.02,16.6667,post-market
TSLA,2020-03-31,2020-04-29,0.08,-0.01,0.09,900,post-market
TSLA,2020-06-30,2020-07-22,0.15,-0.01,0.16,1600,post-market
TSLA,2020-09-30,2020-10-21,0.25,0.2,0.05,25,post-market
TSLA,2020-12-31,2021-01-27,0.27,0.35,-0.08,-22.8571,post-market
TSLA,2021-03-31,2021-04-26,0.31,0.26,0.05,19.2308,post-market
TSLA,2021-06-30,2021-07-26,0.48,0.32,0.16,50,post-market
TSLA,2021-09-30,2021-10-20,0.62,0.54,0.08,14.8148,post-market
TSLA,2021-12-31,2022-01-26,0.85,0.79,0.06,7.5949,post-market
TSLA,2022-03-31,2022-04-20,1.07,0.75,0.32,42.6667,post-market
TSLA,2022-06-30,2022-07-20,0.76,0.6,0.16,26.6667,post-market
TSLA,2022-09-30,2022-10-19,1.05,1,0.05,5,post-market
TSLA,2022-12-31,2023-01-25,1.19,1.11,0.08,7.2072,post-market
TSLA,2023-03-31,2023-04-19,0.85,0.85,0,0,post-market
TSLA,2023-06-30,2023-07-19,0.91,0.82,0.09,10.9756,post-market
TSLA,2023-09-30,2023-10-18,0.66,0.73,-0.07,-9.589,post-market
TSLA,2023-12-31,2024-01-24,0.71,0.74,-0.03,-4.0541,post-market
TSLA,2024-03-31,2024-04-23,0.45,0.51,-0.06,-11.7647,post-market
TSLA,2024-06-30,2024-07-23,0.52,0.56,-0.04,-7.1429,post-market
TSLA,2024-09-30,2024-10-23,0.72,0.6,0.12,20,post-market
TSLA,2024-12-31,2025-01-29,0.73,0.76,-0.03,-3.9474,post-market
TSLA,2025-03-31,2025-04-22,0.27,0.41,-0.14,-34.1463,post-market
TSLA,2025-06-30,2025-07-23,0.4,0.4,0,0,post-market
TSLA,2025-09-30,2025-10-22,0.5,0.56,-0.06,-10.7143,post-market
TSLA,2025-12-31,2026-01-28,0.5,0.45,0.05,11.1111,post-market
TSLA,2026-03-31,2026-04-22,0.41,0.35,0.06,17.1429,post-market
TSLA,2026-06-30,2026-07-22,0.04,0.32,-0.28,-87.5,post-market
UNH,1996-03-31,1996-05-07,0.08,0.08,0,0,pre-market
UNH,1996-06-30,1996-08-08,0.05,0.05,0,0,pre-market
UNH,1996-09-30,1996-11-07,0.06,0.06,0,0,pre-market
UNH,1996-12-31,1997-02-13,0.06,0.06,0,0,pre-market
UNH,1997-03-31,1997-05-08,0.07,0.07,0,0,pre-market
UNH,1997-06-30,1997-08-07,0.07,0.07,0,0,pre-market
UNH,1997-09-30,1997-11-06,0.07,0.07,0,0,pre-market
UNH,1997-12-31,1998-02-12,0.07,0.07,0,0,pre-market
UNH,1998-03-31,1998-05-07,0.08,0.08,0,0,pre-market
UNH,1998-06-30,1998-08-06,0.08,0.08,0,0,pre-market
UNH,1998-09-30,1998-11-05,0.08,0.08,0,0,pre-market
UNH,1998-12-31,1999-02-18,0.08,0.08,0,0,pre-market
UNH,1999-03-31,1999-05-06,0.09,0.09,0,0,pre-market
UNH,1999-06-30,1999-08-05,0.1,0.09,0.01,11.1111,pre-market
UNH,1999-09-30,1999-11-03,0.1,0.1,0,0,pre-market
UNH,1999-12-31,2000-02-10,0.11,0.1,0.01,10,pre-market
UNH,2000-03-31,2000-05-04,0.12,0.11,0.01,9.0909,pre-market
UNH,2000-06-30,2000-08-04,0.13,0.12,0.01,8.3333,pre-market
UNH,2000-09-30,2000-10-27,0.14,0.13,0.01,7.6923,pre-market
UNH,2000-12-31,2001-02-02,0.14,0.14,0,0,pre-market
UNH,2001-03-31,2001-04-27,0.16,0.15,0.01,6.6667,pre-market
UNH,2001-06-30,2001-07-27,0.17,0.16,0.01,6.25,pre-market
UNH,2001-09-30,2001-10-26,0.18,0.18,0,0,pre-market
UNH,2001-12-31,2002-01-24,0.19,0.18,0.01,5.5556,pre-market
UNH,2002-03-31,2002-04-18,0.23,0.21,0.02,9.5238,pre-market
UNH,2002-06-30,2002-07-18,0.25,0.24,0.01,4.1667,pre-market
UNH,2002-09-30,2002-10-17,0.28,0.26,0.02,7.6923,pre-market
UNH,2002-12-31,2003-01-23,0.3,0.29,0.01,3.4483,pre-market
UNH,2003-03-31,2003-04-16,0.32,0.31,0.01,3.2258,pre-market
UNH,2003-06-30,2003-07-17,0.36,0.33,0.03,9.0909,pre-market
UNH,2003-09-30,2003-10-16,0.39,0.37,0.02,5.4054,pre-market
UNH,2003-12-31,2004-01-22,0.42,0.39,0.03,7.6923,pre-market
UNH,2004-03-31,2004-04-15,0.44,0.43,0.01,2.3256,pre-market
UNH,2004-06-30,2004-07-15,0.47,0.46,0.01,2.1739,pre-market
UNH,2004-09-30,2004-10-14,0.52,0.5,0.02,4,pre-market
UNH,2004-12-31,2005-01-20,0.55,0.54,0.01,1.8519,pre-market
UNH,2005-03-31,2005-04-14,0.58,0.56,0.02,3.5714,pre-market
UNH,2005-06-30,2005-07-14,0.61,0.75,-0.14,-18.6667,pre-market
UNH,2005-09-30,2005-10-14,0.64,0.67,-0.03,-4.4776,pre-market
UNH,2005-12-31,2006-01-19,0.65,0.65,0,0,pre-market
UNH,2006-03-31,2006-04-18,0.68,0.65,0.03,4.6154,pre-market
UNH,2006-06-30,2006-07-19,0.7,0.68,0.02,2.9412,pre-market
UNH,2006-09-30,2006-10-19,0.8,0.76,0.04,5.2632,pre-market
UNH,2006-12-31,2007-01-18,0.86,0.85,0.01,1.1765,pre-market
UNH,2007-03-31,2007-04-19,0.74,0.71,0.03,4.2254,pre-market
UNH,2007-06-30,2007-07-19,0.87,0.81,0.06,7.4074,pre-market
UNH,2007-09-30,2007-10-18,0.95,0.92,0.03,3.2609,pre-market
UNH,2007-12-31,2008-01-22,0.92,0.92,0,0,pre-market
UNH,2008-03-31,2008-04-22,0.78,0.8,-0.02,-2.5,pre-market
UNH,2008-06-30,2008-07-22,0.67,0.65,0.02,3.0769,pre-market
UNH,2008-09-30,2008-10-16,0.73,0.73,0,0,pre-market
UNH,2008-12-31,2009-01-22,0.78,0.78,0,0,pre-market
UNH,2009-03-31,2009-04-21,0.81,0.67,0.14,20.8955,pre-market
UNH,2009-06-30,2009-07-21,0.73,0.7,0.03,4.2857,pre-market
UNH,2009-09-30,2009-10-20,0.89,0.76,0.13,17.1053,pre-market
UNH,2009-12-31,2010-01-21,0.81,0.73,0.08,10.9589,pre-market
UNH,2010-03-31,2010-04-20,1.03,0.69,0.34,49.2754,pre-market
UNH,2010-06-30,2010-07-20,0.99,0.75,0.24,32,pre-market
UNH,2010-09-30,2010-10-19,1.14,0.83,0.31,37.3494,pre-market
UNH,2010-12-31,2011-01-20,1.05,0.84,0.21,25,pre-market
UNH,2011-03-31,2011-04-21,1.22,0.89,0.33,37.0787,pre-market
UNH,2011-06-30,2011-07-19,1.16,1.01,0.15,14.8515,pre-market
UNH,2011-09-30,2011-10-18,1.17,1.12,0.05,4.4643,pre-market
UNH,2011-12-31,2012-01-19,1.17,1.04,0.13,12.5,pre-market
UNH,2012-03-31,2012-04-19,1.31,1.18,0.13,11.0169,pre-market
UNH,2012-06-30,2012-07-19,1.27,1.19,0.08,6.7227,pre-market
UNH,2012-09-30,2012-10-16,1.5,1.36,0.14,10.2941,pre-market
UNH,2012-12-31,2013-01-17,1.2,1.19,0.01,0.8403,pre-market
UNH,2013-03-31,2013-04-18,1.16,1.15,0.01,0.8696,pre-market
UNH,2013-06-30,2013-07-18,1.4,1.25,0.15,12,pre-market
UNH,2013-09-30,2013-10-17,1.53,1.53,0,0,pre-market
UNH,2013-12-31,2014-01-16,1.41,1.4,0.01,0.7143,pre-market
UNH,2014-03-31,2014-04-17,1.1,1.09,0.01,0.9174,pre-market
UNH,2014-06-30,2014-07-17,1.42,1.25,0.17,13.6,pre-market
UNH,2014-09-30,2014-10-16,1.63,1.52,0.11,7.2368,pre-market
UNH,2014-12-31,2015-01-21,1.55,1.5,0.05,3.3333,pre-market
UNH,2015-03-31,2015-04-16,1.46,1.34,0.12,8.9552,pre-market
UNH,2015-06-30,2015-07-16,1.64,1.58,0.06,3.7975,pre-market
UNH,2015-09-30,2015-10-15,1.65,1.64,0.01,0.6098,pre-market
UNH,2015-12-31,2016-01-19,1.4,1.37,0.03,2.1898,pre-market
UNH,2016-03-31,2016-04-19,1.81,1.72,0.09,5.2326,pre-market
UNH,2016-06-30,2016-07-19,1.96,1.89,0.07,3.7037,pre-market
UNH,2016-09-30,2016-10-18,2.17,2.08,0.09,4.3269,pre-market
UNH,2016-12-31,2017-01-17,2.11,2.07,0.04,1.9324,pre-market
UNH,2017-03-31,2017-04-18,2.37,2.17,0.2,9.2166,pre-market
UNH,2017-06-30,2017-07-18,2.46,2.38,0.08,3.3613,pre-market
UNH,2017-09-30,2017-10-17,2.66,2.57,0.09,3.5019,pre-market
UNH,2017-12-31,2018-01-16,2.59,2.52,0.07,2.7778,pre-market
UNH,2018-03-31,2018-04-17,3.04,2.91,0.13,4.4674,pre-market
UNH,2018-06-30,2018-07-17,3.14,3.04,0.1,3.2895,pre-market
UNH,2018-09-30,2018-10-16,3.41,3.3,0.11,3.3333,pre-market
UNH,2018-12-31,2019-01-15,3.28,3.22,0.06,1.8634,pre-market
UNH,2019-03-31,2019-04-16,3.73,3.6,0.13,3.6111,pre-market
UNH,2019-06-30,2019-07-18,3.6,3.46,0.14,4.0462,pre-market
UNH,2019-09-30,2019-10-15,3.88,3.76,0.12,3.1915,pre-market
UNH,2019-12-31,2020-01-15,3.9,3.78,0.12,3.1746,pre-market
UNH,2020-03-31,2020-04-15,3.72,3.65,0.07,1.9178,pre-market
UNH,2020-06-30,2020-07-15,7.12,5.24,1.88,35.8779,pre-market
UNH,2020-09-30,2020-10-14,3.51,3.08,0.43,13.961,pre-market
UNH,2020-12-31,2021-01-20,2.52,2.41,0.11,4.5643,pre-market
UNH,2021-03-31,2021-04-15,5.31,4.38,0.93,21.2329,pre-market
UNH,2021-06-30,2021-07-15,4.7,4.46,0.24,5.3812,pre-market
UNH,2021-09-30,2021-10-14,4.52,4.42,0.1,2.2624,pre-market
UNH,2021-12-31,2022-01-19,4.48,4.31,0.17,3.9443,pre-market
UNH,2022-03-31,2022-04-14,5.49,5.35,0.14,2.6168,pre-market
UNH,2022-06-30,2022-07-15,5.57,5.21,0.36,6.9098,pre-market
UNH,2022-09-30,2022-10-14,5.79,5.44,0.35,6.4338,pre-market
UNH,2022-12-31,2023-01-13,5.34,5.17,0.17,3.2882,pre-market
UNH,2023-03-31,2023-04-14,6.26,6.08,0.18,2.9605,pre-market
UNH,2023-06-30,2023-07-14,6.14,5.98,0.16,2.6756,pre-market
UNH,2023-09-30,2023-10-13,6.56,6.35,0.21,3.3071,pre-market
UNH,2023-12-31,2024-01-12,6.16,5.99,0.17,2.8381,pre-market
UNH,2024-03-31,2024-04-16,6.91,6.62,0.29,4.3807,pre-market
UNH,2024-06-30,2024-07-16,6.8,6.63,0.17,2.5641,pre-market
UNH,2024-09-30,2024-10-15,7.15,7.03,0.12,1.707,pre-market
UNH,2024-12-31,2025-01-16,6.81,6.74,0.07,1.0386,pre-market
UNH,2025-03-31,2025-04-17,7.2,7.29,-0.09,-1.2346,pre-market
UNH,2025-06-30,2025-07-29,4.08,4.45,-0.37,-8.3146,pre-market
UNH,2025-09-30,2025-10-28,2.92,2.81,0.11,3.9146,pre-market
UNH,2025-12-31,2026-01-27,2.11,2.11,0,0,pre-market
UNH,2026-03-31,2026-04-21,7.23,6.6,0.63,9.5455,pre-market
UNH,2026-06-30,2026-07-16,6.38,4.94,1.44,29.1498,pre-market
WMT,1996-04-30,1996-05-14,0.13,0.13,0,0,pre-market
WMT,1996-07-31,1996-08-13,0.16,0.15,0.01,6.6667,pre-market
WMT,1996-10-31,1996-11-12,0.15,0.15,0,0,pre-market
WMT,1997-01-31,1997-02-25,0.24,0.24,0,0,pre-market
WMT,1997-04-30,1997-05-12,0.14,0.14,0,0,pre-market
WMT,1997-07-31,1997-08-12,0.18,0.18,0,0,pre-market
WMT,1997-10-31,1997-11-11,0.18,0.17,0.01,5.8824,pre-market
WMT,1998-01-31,1998-02-24,0.28,0.28,0,0,pre-market
WMT,1998-04-30,1998-05-12,0.19,0.17,0.02,11.7647,pre-market
WMT,1998-07-31,1998-08-11,0.23,0.22,0.01,4.5455,pre-market
WMT,1998-10-31,1998-11-10,0.23,0.22,0.01,4.5455,pre-market
WMT,1999-01-31,1999-02-16,0.35,0.33,0.02,6.0606,pre-market
WMT,1999-04-30,1999-05-11,0.25,0.22,0.03,13.6364,pre-market
WMT,1999-07-31,1999-08-10,0.31,0.28,0.03,10.7143,pre-market
WMT,1999-10-31,1999-11-09,0.29,0.28,0.01,3.5714,pre-market
WMT,2000-01-31,2000-02-15,0.43,0.42,0.01,2.381,pre-market
WMT,2000-04-30,2000-05-09,0.3,0.28,0.02,7.1429,pre-market
WMT,2000-07-31,2000-08-09,0.36,0.36,0,0,pre-market
WMT,2000-10-31,2000-11-14,0.31,0.31,0,0,pre-market
WMT,2001-01-31,2001-03-15,0.45,0.45,0,0,pre-market
WMT,2001-04-30,2001-06-15,0.31,0.31,0,0,pre-market
WMT,2001-07-31,2001-09-14,0.37,0.37,0,0,pre-market
WMT,2001-10-31,2001-11-13,0.33,0.33,0,0,pre-market
WMT,2002-01-31,2002-02-19,0.16,0.16,0,0,pre-market
WMT,2002-04-30,2002-05-14,0.1,0.1,0,0,pre-market
WMT,2002-07-31,2002-08-13,0.12,0.12,0,0,pre-market
WMT,2002-10-31,2002-11-13,0.14,0.13,0.01,7.6923,pre-market
WMT,2003-01-31,2003-02-18,0.19,0.19,0,0,pre-market
WMT,2003-04-30,2003-05-13,0.14,0.14,0,0,pre-market
WMT,2003-07-31,2003-08-13,0.17,0.17,0,0,pre-market
WMT,2003-10-31,2003-11-13,0.15,0.16,-0.01,-6.25,pre-market
WMT,2004-01-31,2004-02-19,0.21,0.21,0,0,pre-market
WMT,2004-04-30,2004-05-13,0.17,0.16,0.01,6.25,pre-market
WMT,2004-07-31,2004-08-12,0.21,0.2,0.01,5,pre-market
WMT,2004-10-31,2004-11-16,0.18,0.18,0,0,pre-market
WMT,2005-01-31,2005-02-17,0.25,0.25,0,0,pre-market
WMT,2005-04-30,2005-05-12,0.18,0.19,-0.01,-5.2632,pre-market
WMT,2005-07-31,2005-08-16,0.22,0.22,0,0,pre-market
WMT,2005-10-31,2005-11-14,0.2,0.19,0.01,5.2632,pre-market
WMT,2006-01-31,2006-02-21,0.28,0.28,0,0,pre-market
WMT,2006-04-30,2006-05-16,0.21,0.2,0.01,5,pre-market
WMT,2006-07-31,2006-08-15,0.24,0.24,0,0,pre-market
WMT,2006-10-31,2006-11-14,0.2,0.2,0,0,pre-market
WMT,2007-01-31,2007-02-20,0.31,0.3,0.01,3.3333,pre-market
WMT,2007-04-30,2007-05-15,0.23,0.23,0,0,pre-market
WMT,2007-07-31,2007-08-14,0.24,0.25,-0.01,-4,pre-market
WMT,2007-10-31,2007-11-13,0.23,0.22,0.01,4.5455,pre-market
WMT,2008-01-31,2008-02-19,0.35,0.34,0.01,2.9412,pre-market
WMT,2008-04-30,2008-05-13,0.25,0.25,0,0,pre-market
WMT,2008-07-31,2008-08-14,0.29,0.28,0.01,3.5714,pre-market
WMT,2008-10-31,2008-11-13,0.26,0.25,0.01,4,pre-market
WMT,2009-01-31,2009-02-17,0.34,0.32,0.02,6.25,pre-market
WMT,2009-04-30,2009-05-14,0.26,0.26,0,0,pre-market
WMT,2009-07-31,2009-08-13,0.29,0.28,0.01,3.5714,pre-market
WMT,2009-10-31,2009-11-12,0.28,0.27,0.01,3.7037,pre-market
WMT,2010-01-31,2010-02-18,0.39,0.37,0.02,5.4054,pre-market
WMT,2010-04-30,2010-05-18,0.29,0.29,0,0,pre-market
WMT,2010-07-31,2010-08-17,0.32,0.32,0,0,pre-market
WMT,2010-10-31,2010-11-16,0.3,0.3,0,0,pre-market
WMT,2011-01-31,2011-02-22,0.45,0.44,0.01,2.2727,pre-market
WMT,2011-04-30,2011-05-17,0.33,0.32,0.01,3.125,pre-market
WMT,2011-07-31,2011-08-16,0.36,0.36,0,0,pre-market
WMT,2011-10-31,2011-11-15,0.32,0.33,-0.01,-3.0303,pre-market
WMT,2012-01-31,2012-02-21,0.48,0.49,-0.01,-2.0408,pre-market
WMT,2012-04-30,2012-05-17,0.36,0.35,0.01,2.8571,pre-market
WMT,2012-07-31,2012-08-16,0.39,0.39,0,0,pre-market
WMT,2012-10-31,2012-11-15,0.36,0.36,0,0,pre-market
WMT,2013-01-31,2013-02-21,0.56,0.52,0.04,7.6923,pre-market
WMT,2013-04-30,2013-05-16,0.38,0.38,0,0,pre-market
WMT,2013-07-31,2013-08-15,0.42,0.42,0,0,pre-market
WMT,2013-10-31,2013-11-14,0.38,0.38,0,0,pre-market
WMT,2014-01-31,2014-02-20,0.53,0.53,0,0,pre-market
WMT,2014-04-30,2014-05-15,0.37,0.38,-0.01,-2.6316,pre-market
WMT,2014-07-31,2014-08-14,0.4,0.4,0,0,pre-market
WMT,2014-10-31,2014-11-13,0.38,0.37,0.01,2.7027,pre-market
WMT,2015-01-31,2015-04-01,0.54,0.51,0.03,5.8824,pre-market
WMT,2015-04-30,2015-05-19,0.34,0.35,-0.01,-2.8571,pre-market
WMT,2015-07-31,2015-08-18,0.36,0.37,-0.01,-2.7027,pre-market
WMT,2015-10-31,2015-11-17,0.33,0.33,0,0,pre-market
WMT,2016-01-31,2016-03-30,0.5,0.49,0.01,2.0408,pre-market
WMT,2016-04-30,2016-05-19,0.33,0.29,0.04,13.7931,pre-market
WMT,2016-07-31,2016-08-18,0.36,0.34,0.02,5.8824,pre-market
WMT,2016-10-31,2016-11-17,0.33,0.32,0.01,3.125,pre-market
WMT,2017-01-31,2017-03-31,0.43,0.43,0,0,pre-market
WMT,2017-04-30,2017-05-18,0.33,0.32,0.01,3.125,pre-market
WMT,2017-07-31,2017-08-17,0.36,0.36,0,0,pre-market
WMT,2017-10-31,2017-11-16,0.33,0.32,0.01,3.125,pre-market
WMT,2018-01-31,2018-03-30,0.44,0.46,-0.02,-4.3478,pre-market
WMT,2018-04-30,2018-05-17,0.38,0.37,0.01,2.7027,pre-market
WMT,2018-07-31,2018-08-16,0.43,0.41,0.02,4.878,pre-market
WMT,2018-10-31,2018-11-15,0.36,0.34,0.02,5.8824,pre-market
WMT,2019-01-31,2019-03-28,0.47,0.44,0.03,6.8182,pre-market
WMT,2019-04-30,2019-05-16,0.38,0.34,0.04,11.7647,pre-market
WMT,2019-07-31,2019-08-15,0.42,0.41,0.01,2.439,pre-market
WMT,2019-10-31,2019-11-14,0.39,0.36,0.03,8.3333,pre-market
WMT,2020-01-31,2020-02-18,0.46,0.48,-0.02,-4.1667,pre-market
WMT,2020-04-30,2020-05-19,0.39,0.36,0.03,8.3333,pre-market
WMT,2020-07-31,2020-08-18,0.52,0.42,0.1,23.8095,pre-market
WMT,2020-10-31,2020-11-17,0.45,0.4,0.05,12.5,pre-market
WMT,2021-01-31,2021-02-18,0.46,0.5,-0.04,-8,pre-market
WMT,2021-04-30,2021-05-18,0.32,0.56,-0.24,-42.8571,pre-market
WMT,2021-07-31,2021-08-17,0.51,0.59,-0.08,-13.5593,pre-market
WMT,2021-10-31,2021-11-16,0.37,0.48,-0.11,-22.9167,pre-market
WMT,2022-01-31,2022-02-17,0.43,0.51,-0.08,-15.6863,pre-market
WMT,2022-04-30,2022-05-17,0.25,0.43,-0.18,-41.8605,pre-market
WMT,2022-07-31,2022-08-16,0.63,0.59,0.04,6.7797,pre-market
WMT,2022-10-31,2022-11-15,-0.22,1.32,-1.54,-116.6667,pre-market
WMT,2023-01-31,2023-02-21,0.77,1.52,-0.75,-49.3421,pre-market
WMT,2023-04-30,2023-05-18,0.21,1.3,-1.09,-83.8462,pre-market
WMT,2023-07-31,2023-08-17,0.97,1.69,-0.72,-42.6036,pre-market
WMT,2023-10-31,2023-11-16,0.0559,1.51,-1.4541,-96.298,pre-market
WMT,2024-01-31,2024-02-20,0.68,1.64,-0.96,-58.5366,pre-market
WMT,2024-04-30,2024-05-16,0.63,0.52,0.11,21.1538,pre-market
WMT,2024-07-31,2024-08-15,0.56,0.65,-0.09,-13.8462,pre-market
WMT,2024-10-31,2024-11-19,0.57,0.53,0.04,7.5472,pre-market
WMT,2025-01-31,2025-02-20,0.65,0.65,0,0,pre-market
WMT,2025-04-30,2025-05-15,0.61,0.57,0.04,7.0175,pre-market
WMT,2025-07-31,2025-08-21,0.88,0.74,0.14,18.9189,pre-market
WMT,2025-10-31,2025-11-20,0.77,0.6,0.17,28.3333,pre-market
WMT,2026-01-31,2026-02-19,0.53,0.7,-0.17,-24.2857,pre-market
WMT,2026-04-30,2026-05-21,0.66,0.66,0,0,pre-market
WSM,1996-04-30,1996-05-14,-0.02,-0.02,0,0,pre-market
WSM,1996-07-31,1996-08-14,0,-0.01,0.01,100,pre-market
WSM,1996-10-31,1996-11-11,0,0,0,None,pre-market
WSM,1997-01-31,1997-03-13,0.24,0.22,0.02,9.0909,pre-market
WSM,1997-04-30,1997-05-20,0.01,0,0.01,None,pre-market
WSM,1997-07-31,1997-08-19,0.02,0.02,0,0,pre-market
WSM,1997-10-31,1997-11-18,0.03,0.02,0.01,50,pre-market
WSM,1998-01-31,1998-03-12,0.3,0.28,0.02,7.1429,pre-market
WSM,1998-04-30,1998-05-19,0.02,0.02,0,0,pre-market
WSM,1998-07-31,1998-08-18,0.04,0.03,0.01,33.3333,pre-market
WSM,1998-10-31,1998-11-17,0.05,0.05,0,0,pre-market
WSM,1999-01-31,1999-03-17,0.4,0.38,0.02,5.2632,pre-market
WSM,1999-04-30,1999-05-18,0.03,0.03,0,0,pre-market
WSM,1999-07-31,1999-08-17,0.04,0.04,0,0,pre-market
WSM,1999-10-31,1999-11-16,0.08,0.07,0.01,14.2857,pre-market
WSM,2000-01-31,2000-03-15,0.41,0.41,0,0,pre-market
WSM,2000-04-30,2000-05-16,0.04,0.03,0.01,33.3333,pre-market
WSM,2000-07-31,2000-08-15,0.05,0.04,0.01,25,pre-market
WSM,2000-10-31,2000-11-14,0.02,0.02,0,0,pre-market
WSM,2001-01-31,2001-03-14,0.4,0.39,0.01,2.5641,pre-market
WSM,2001-04-30,2001-05-15,0.01,-0.01,0.02,200,pre-market
WSM,2001-07-31,2001-08-24,0.01,None,0,None,pre-market
WSM,2001-10-31,2001-11-13,0.04,0.03,0.01,33.3333,pre-market
WSM,2002-01-31,2002-03-11,0.6,0.6,0,0,pre-market
WSM,2002-04-30,2002-05-23,0.07,0.04,0.03,75,pre-market
WSM,2002-07-31,2002-08-22,0.01,0.08,-0.07,-87.5,pre-market
WSM,2002-10-31,2002-11-19,0.07,0.05,0.02,40,pre-market
WSM,2003-01-31,2003-03-18,0.67,0.66,0.01,1.5152,pre-market
WSM,2003-04-30,2003-05-22,0.06,0.04,0.02,50,pre-market
WSM,2003-07-31,2003-08-21,0.08,0.07,0.01,14.2857,pre-market
WSM,2003-10-31,2003-11-20,0.1,0.09,0.01,11.1111,pre-market
WSM,2004-01-31,2004-03-18,0.85,0.84,0.01,1.1905,pre-market
WSM,2004-04-30,2004-05-25,0.09,0.08,0.01,12.5,pre-market
WSM,2004-07-31,2004-08-25,0.12,0.1,0.02,20,pre-market
WSM,2004-10-31,2004-11-18,0.12,0.12,0,0,pre-market
WSM,2005-01-31,2005-03-22,0.95,0.95,0,0,pre-market
WSM,2005-04-30,2005-05-24,0.11,0.1,0.01,10,pre-market
WSM,2005-07-31,2005-08-23,0.13,0.13,0,0,pre-market
WSM,2005-10-31,2005-11-17,0.16,0.15,0.01,6.6667,pre-market
WSM,2006-01-31,2006-03-20,1.09,1.09,0,0,pre-market
WSM,2006-04-30,2006-05-24,0.1,0.08,0.02,25,pre-market
WSM,2006-07-31,2006-08-24,0.15,0.13,0.02,15.3846,pre-market
WSM,2006-10-31,2006-11-16,0.13,0.12,0.01,8.3333,pre-market
WSM,2007-01-31,2007-03-22,1.06,1.03,0.03,2.9126,pre-market
WSM,2007-04-30,2007-05-30,0.08,0.06,0.02,33.3333,pre-market
WSM,2007-07-31,2007-08-29,0.12,0.08,0.04,50,pre-market
WSM,2007-10-31,2007-11-15,0.13,0.12,0.01,8.3333,pre-market
WSM,2008-01-31,2008-03-27,1.15,1.12,0.03,2.6786,pre-market
WSM,2008-04-30,2008-06-04,0.05,0.01,0.04,400,pre-market
WSM,2008-07-31,2008-08-28,0.09,0.06,0.03,50,pre-market
WSM,2008-10-31,2008-12-04,-0.05,-0.05,0,0,pre-market
WSM,2009-01-31,2009-03-24,0.31,0.16,0.15,93.75,pre-market
WSM,2009-04-30,2009-06-03,-0.09,-0.1,0.01,10,pre-market
WSM,2009-07-31,2009-08-26,0.03,-0.04,0.07,175,pre-market
WSM,2009-10-31,2009-11-19,0.08,0.03,0.05,166.6667,pre-market
WSM,2010-01-31,2010-03-22,0.43,0.37,0.06,16.2162,pre-market
WSM,2010-04-30,2010-05-20,0.23,0.12,0.11,91.6667,pre-market
WSM,2010-07-31,2010-08-19,0.16,0.11,0.05,45.4545,pre-market
WSM,2010-10-31,2010-11-18,0.17,0.16,0.01,6.25,pre-market
WSM,2011-01-31,2011-03-15,0.54,0.49,0.05,10.2041,pre-market
WSM,2011-04-30,2011-05-19,0.3,0.28,0.02,7.1429,pre-market
WSM,2011-07-31,2011-08-23,0.19,0.18,0.01,5.5556,pre-market
WSM,2011-10-31,2011-11-17,0.21,0.19,0.02,10.5263,pre-market
WSM,2012-01-31,2012-03-08,1.17,1.13,0.04,3.5398,pre-market
WSM,2012-04-30,2012-05-22,0.17,0.16,0.01,6.25,pre-market
WSM,2012-07-31,2012-08-21,0.22,0.2,0.02,10,post-market
WSM,2012-10-31,2012-11-14,0.25,0.23,0.02,8.6957,post-market
WSM,2013-01-31,2013-03-19,1.34,1.29,0.05,3.876,pre-market
WSM,2013-04-30,2013-05-23,0.21,0.18,0.03,16.6667,post-market
WSM,2013-07-31,2013-08-28,0.25,0.24,0.01,4.1667,post-market
WSM,2013-10-31,2013-11-20,0.29,0.27,0.02,7.4074,post-market
WSM,2014-01-31,2014-03-12,1.38,1.35,0.03,2.2222,pre-market
WSM,2014-04-30,2014-05-21,0.24,0.22,0.02,9.0909,post-market
WSM,2014-07-31,2014-08-27,0.27,0.27,0,0,post-market
WSM,2014-10-31,2014-11-19,0.34,0.31,0.03,9.6774,post-market
WSM,2015-01-31,2015-03-18,1.52,1.52,0,0,post-market
WSM,2015-04-30,2015-05-20,0.24,0.22,0.02,9.0909,post-market
WSM,2015-07-31,2015-08-26,0.29,0.29,0,0,post-market
WSM,2015-10-31,2015-11-19,0.39,0.36,0.03,8.3333,post-market
WSM,2016-01-31,2016-03-16,1.55,1.58,-0.03,-1.8987,post-market
WSM,2016-04-30,2016-05-25,0.22,0.25,-0.03,-12,post-market
WSM,2016-07-31,2016-08-24,0.29,0.29,0,0,post-market
WSM,2016-10-31,2016-11-17,0.39,0.38,0.01,2.6316,post-market
WSM,2017-01-31,2017-03-15,1.55,1.51,0.04,2.649,post-market
WSM,2017-04-30,2017-05-24,0.23,0.25,-0.02,-8,post-market
WSM,2017-07-31,2017-08-23,0.31,0.29,0.02,6.8966,post-market
WSM,2017-10-31,2017-11-16,0.42,0.42,0,0,post-market
WSM,2018-01-31,2018-03-14,1.68,1.61,0.07,4.3478,post-market
WSM,2018-04-30,2018-05-23,0.27,0.29,-0.02,-6.8966,post-market
WSM,2018-07-31,2018-08-22,0.39,0.34,0.05,14.7059,post-market
WSM,2018-10-31,2018-11-15,0.5,0.46,0.04,8.6957,post-market
WSM,2019-01-31,2019-03-20,2.1,1.96,0.14,7.1429,post-market
WSM,2019-04-30,2019-05-30,0.33,0.34,-0.01,-2.9412,post-market
WSM,2019-07-31,2019-08-28,0.44,0.42,0.02,4.7619,post-market
WSM,2019-10-31,2019-11-21,0.51,0.51,0,0,post-market
WSM,2020-01-31,2020-03-18,2.13,2.05,0.08,3.9024,post-market
WSM,2020-04-30,2020-05-28,0.37,0.03,0.34,1133.3333,post-market
WSM,2020-07-31,2020-08-26,0.85,0.47,0.38,80.8511,post-market
WSM,2020-10-31,2020-11-19,1.28,0.76,0.52,68.4211,post-market
WSM,2021-01-31,2021-03-17,3.95,3.39,0.56,16.5192,post-market
WSM,2021-04-30,2021-05-26,1.45,0.96,0.49,51.0417,post-market
WSM,2021-07-31,2021-08-25,1.61,1.29,0.32,24.8062,post-market
WSM,2021-10-31,2021-11-18,1.65,1.58,0.07,4.4304,post-market
WSM,2022-01-31,2022-03-16,5.42,4.82,0.6,12.4481,post-market
WSM,2022-04-30,2022-05-25,1.75,1.44,0.31,21.5278,post-market
WSM,2022-07-31,2022-08-24,1.94,1.75,0.19,10.8571,post-market
WSM,2022-10-31,2022-11-17,1.86,1.87,-0.01,-0.5348,post-market
WSM,2023-01-31,2023-03-16,5.5,5.46,0.04,0.7326,pre-market
WSM,2023-04-30,2023-05-23,1.18,1.19,-0.01,-0.8403,pre-market
WSM,2023-07-31,2023-08-23,1.56,1.36,0.2,14.7059,pre-market
WSM,2023-10-31,2023-11-16,1.83,1.67,0.16,9.5808,pre-market
WSM,2024-01-31,2024-03-13,2.72,2.58,0.14,5.4264,pre-market
WSM,2024-04-30,2024-05-22,4.07,2.71,1.36,50.1845,pre-market
WSM,2024-07-31,2024-08-22,1.74,1.6,0.14,8.75,pre-market
WSM,2024-10-31,2024-11-20,1.96,1.76,0.2,11.3636,pre-market
WSM,2025-01-31,2025-03-19,3.28,2.9423,0.3377,11.4774,pre-market
WSM,2025-04-30,2025-05-22,1.85,1.75,0.1,5.7143,pre-market
WSM,2025-07-31,2025-08-27,2,1.79,0.21,11.7318,pre-market
WSM,2025-10-31,2025-11-19,1.96,1.87,0.09,4.8128,pre-market
WSM,2026-01-31,2026-03-18,3.04,2.89,0.15,5.1903,pre-market
WSM,2026-04-30,2026-05-21,1.93,1.8,0.13,7.2222,pre-market
XOM,1996-03-31,1996-04-22,0.35,0.33,0.02,6.0606,pre-market
XOM,1996-06-30,1996-07-22,0.32,0.33,-0.01,-3.0303,pre-market
XOM,1996-09-30,1996-10-21,0.31,0.3,0.01,3.3333,pre-market
XOM,1996-12-31,1997-01-21,0.42,0.38,0.04,10.5263,pre-market
XOM,1997-03-31,1997-04-21,0.44,0.41,0.03,7.3171,pre-market
XOM,1997-06-30,1997-07-21,0.4,0.35,0.05,14.2857,pre-market
XOM,1997-09-30,1997-10-21,0.37,0.35,0.02,5.7143,pre-market
XOM,1997-12-31,1998-01-21,0.5,0.37,0.13,35.1351,pre-market
XOM,1998-03-31,1998-04-21,0.38,0.34,0.04,11.7647,pre-market
XOM,1998-06-30,1998-07-21,0.33,0.32,0.01,3.125,pre-market
XOM,1998-09-30,1998-10-21,0.29,0.29,0,0,pre-market
XOM,1998-12-31,1999-01-21,0.31,0.3,0.01,3.3333,pre-market
XOM,1999-03-31,1999-04-21,0.24,0.23,0.01,4.3478,pre-market
XOM,1999-06-30,1999-07-21,0.25,0.27,-0.02,-7.4074,pre-market
XOM,1999-09-30,1999-10-25,0.31,0.3,0.01,3.3333,pre-market
XOM,1999-12-31,2000-01-25,0.39,0.38,0.01,2.6316,pre-market
XOM,2000-03-31,2000-04-25,0.48,0.44,0.04,9.0909,pre-market
XOM,2000-06-30,2000-07-25,0.59,0.53,0.06,11.3208,pre-market
XOM,2000-09-30,2000-10-24,0.61,0.57,0.04,7.0175,pre-market
XOM,2000-12-31,2001-01-23,0.73,0.65,0.08,12.3077,pre-market
XOM,2001-03-31,2001-04-23,0.72,0.66,0.06,9.0909,pre-market
XOM,2001-06-30,2001-07-24,0.64,0.66,-0.02,-3.0303,pre-market
XOM,2001-09-30,2001-10-23,0.48,0.5,-0.02,-4,pre-market
XOM,2001-12-31,2002-01-23,0.42,0.38,0.04,10.5263,pre-market
XOM,2002-03-31,2002-04-23,0.31,0.39,-0.08,-20.5128,pre-market
XOM,2002-06-30,2002-08-01,0.39,0.45,-0.06,-13.3333,pre-market
XOM,2002-09-30,2002-10-31,0.44,0.42,0.02,4.7619,pre-market
XOM,2002-12-31,2003-01-30,0.56,0.5,0.06,12,pre-market
XOM,2003-03-31,2003-05-01,0.71,0.69,0.02,2.8986,pre-market
XOM,2003-06-30,2003-07-31,0.62,0.56,0.06,10.7143,pre-market
XOM,2003-09-30,2003-10-30,0.55,0.62,-0.07,-11.2903,pre-market
XOM,2003-12-31,2004-01-29,0.68,0.58,0.1,17.2414,pre-market
XOM,2004-03-31,2004-04-29,0.83,0.75,0.08,10.6667,pre-market
XOM,2004-06-30,2004-07-29,0.88,0.88,0,0,pre-market
XOM,2004-09-30,2004-10-28,0.96,0.87,0.09,10.3448,pre-market
XOM,2004-12-31,2005-01-31,1.3,1.05,0.25,23.8095,pre-market
XOM,2005-03-31,2005-04-28,1.15,1.2,-0.05,-4.1667,pre-market
XOM,2005-06-30,2005-07-28,1.23,1.22,0.01,0.8197,pre-market
XOM,2005-09-30,2005-10-27,1.32,1.39,-0.07,-5.036,pre-market
XOM,2005-12-31,2006-01-30,1.65,1.45,0.2,13.7931,pre-market
XOM,2006-03-31,2006-04-27,1.41,1.46,-0.05,-3.4247,pre-market
XOM,2006-06-30,2006-07-27,1.72,1.64,0.08,4.878,pre-market
XOM,2006-09-30,2006-10-26,1.77,1.59,0.18,11.3208,pre-market
XOM,2006-12-31,2007-02-01,1.69,1.52,0.17,11.1842,pre-market
XOM,2007-03-31,2007-04-26,1.62,1.53,0.09,5.8824,pre-market
XOM,2007-06-30,2007-07-26,1.83,1.96,-0.13,-6.6327,pre-market
XOM,2007-09-30,2007-11-01,1.7,1.74,-0.04,-2.2989,pre-market
XOM,2007-12-31,2008-02-01,2.13,1.98,0.15,7.5758,pre-market
XOM,2008-03-31,2008-05-01,2.03,2.11,-0.08,-3.7915,pre-market
XOM,2008-06-30,2008-07-31,2.27,2.53,-0.26,-10.2767,pre-market
XOM,2008-09-30,2008-10-30,2.59,2.38,0.21,8.8235,pre-market
XOM,2008-12-31,2009-01-30,1.55,1.51,0.04,2.649,pre-market
XOM,2009-03-31,2009-04-30,0.92,0.95,-0.03,-3.1579,pre-market
XOM,2009-06-30,2009-07-30,0.84,1.02,-0.18,-17.6471,pre-market
XOM,2009-09-30,2009-10-29,0.98,1.03,-0.05,-4.8544,pre-market
XOM,2009-12-31,2010-02-01,1.27,1.19,0.08,6.7227,pre-market
XOM,2010-03-31,2010-04-29,1.37,1.38,-0.01,-0.7246,pre-market
XOM,2010-06-30,2010-07-29,1.6,1.47,0.13,8.8435,pre-market
XOM,2010-09-30,2010-10-28,1.44,1.39,0.05,3.5971,pre-market
XOM,2010-12-31,2011-01-31,1.85,1.62,0.23,14.1975,pre-market
XOM,2011-03-31,2011-04-28,2.14,2.02,0.12,5.9406,pre-market
XOM,2011-06-30,2011-07-28,2.18,2.33,-0.15,-6.4378,pre-market
XOM,2011-09-30,2011-10-27,2.13,2.13,0,0,pre-market
XOM,2011-12-31,2012-01-31,1.97,1.98,-0.01,-0.5051,post-market
XOM,2012-03-31,2012-04-26,2,2.11,-0.11,-5.2133,pre-market
XOM,2012-06-30,2012-07-26,1.8,1.96,-0.16,-8.1633,pre-market
XOM,2012-09-30,2012-11-01,2.09,1.93,0.16,8.2902,pre-market
XOM,2012-12-31,2013-02-01,2.2,2,0.2,10,pre-market
XOM,2013-03-31,2013-04-25,2.12,2.05,0.07,3.4146,pre-market
XOM,2013-06-30,2013-08-01,1.55,1.9,-0.35,-18.4211,pre-market
XOM,2013-09-30,2013-10-31,1.79,1.78,0.01,0.5618,pre-market
XOM,2013-12-31,2014-01-30,1.91,1.92,-0.01,-0.5208,pre-market
XOM,2014-03-31,2014-05-01,2.1,1.88,0.22,11.7021,pre-market
XOM,2014-06-30,2014-07-31,2.05,1.86,0.19,10.2151,pre-market
XOM,2014-09-30,2014-10-31,1.89,1.72,0.17,9.8837,pre-market
XOM,2014-12-31,2015-02-02,1.32,1.34,-0.02,-1.4925,pre-market
XOM,2015-03-31,2015-04-30,1.17,0.83,0.34,40.9639,pre-market
XOM,2015-06-30,2015-07-31,1.06,1.11,-0.05,-4.5045,pre-market
XOM,2015-09-30,2015-10-30,1.01,0.9,0.11,12.2222,pre-market
XOM,2015-12-31,2016-02-02,0.67,0.64,0.03,4.6875,pre-market
XOM,2016-03-31,2016-04-29,0.43,0.31,0.12,38.7097,pre-market
XOM,2016-06-30,2016-07-29,0.41,0.64,-0.23,-35.9375,pre-market
XOM,2016-09-30,2016-10-28,0.63,0.6,0.03,5,pre-market
XOM,2016-12-31,2017-01-31,0.89,0.7,0.19,27.1429,pre-market
XOM,2017-03-31,2017-04-28,0.95,0.87,0.08,9.1954,pre-market
XOM,2017-06-30,2017-07-28,0.78,0.85,-0.07,-8.2353,pre-market
XOM,2017-09-30,2017-10-27,0.93,0.87,0.06,6.8966,pre-market
XOM,2017-12-31,2018-02-02,0.88,1.03,-0.15,-14.5631,pre-market
XOM,2018-03-31,2018-04-27,1.09,1.1,-0.01,-0.9091,pre-market
XOM,2018-06-30,2018-07-27,0.92,1.27,-0.35,-27.5591,pre-market
XOM,2018-09-30,2018-11-02,1.46,1.22,0.24,19.6721,pre-market
XOM,2018-12-31,2019-02-01,1.5,1.09,0.41,37.6147,pre-market
XOM,2019-03-31,2019-04-26,0.55,0.73,-0.18,-24.6575,pre-market
XOM,2019-06-30,2019-08-02,0.61,0.71,-0.1,-14.0845,pre-market
XOM,2019-09-30,2019-11-01,0.68,0.66,0.02,3.0303,pre-market
XOM,2019-12-31,2020-01-31,0.41,0.45,-0.04,-8.8889,pre-market
XOM,2020-03-31,2020-05-01,0.53,0.05,0.48,960,pre-market
XOM,2020-06-30,2020-07-31,-0.7,-0.6,-0.1,-16.6667,pre-market
XOM,2020-09-30,2020-10-30,-0.18,-0.25,0.07,28,pre-market
XOM,2020-12-31,2021-02-02,0.03,0.02,0.01,50,pre-market
XOM,2021-03-31,2021-04-30,0.65,0.6,0.05,8.3333,pre-market
XOM,2021-06-30,2021-07-30,1.1,0.99,0.11,11.1111,pre-market
XOM,2021-09-30,2021-10-29,1.58,1.52,0.06,3.9474,pre-market
XOM,2021-12-31,2022-02-01,2.05,1.93,0.12,6.2176,pre-market
XOM,2022-03-31,2022-04-29,2.07,2.22,-0.15,-6.7568,pre-market
XOM,2022-06-30,2022-07-29,4.14,3.89,0.25,6.4267,pre-market
XOM,2022-09-30,2022-10-28,4.45,3.82,0.63,16.4921,pre-market
XOM,2022-12-31,2023-01-31,3.4,3.28,0.12,3.6585,pre-market
XOM,2023-03-31,2023-04-28,2.83,2.59,0.24,9.2664,pre-market
XOM,2023-06-30,2023-07-28,1.94,2.02,-0.08,-3.9604,pre-market
XOM,2023-09-30,2023-10-27,2.27,2.36,-0.09,-3.8136,pre-market
XOM,2023-12-31,2024-02-02,2.48,2.19,0.29,13.242,pre-market
XOM,2024-03-31,2024-04-26,2.06,2.04,0.02,0.9804,post-market
XOM,2024-06-30,2024-08-02,2.14,2.01,0.13,6.4677,pre-market
XOM,2024-09-30,2024-11-01,1.92,1.87,0.05,2.6738,pre-market
XOM,2024-12-31,2025-01-31,1.67,1.55,0.12,7.7419,pre-market
XOM,2025-03-31,2025-05-02,1.76,1.74,0.02,1.1494,pre-market
XOM,2025-06-30,2025-08-01,1.64,1.56,0.08,5.1282,pre-market
XOM,2025-09-30,2025-10-31,1.88,1.82,0.06,3.2967,pre-market
XOM,2025-12-31,2026-01-30,1.71,1.69,0.02,1.1834,pre-market
XOM,2026-03-31,2026-05-01,1.16,1.01,0.15,14.8515,pre-market
